source,experiment_id,engine,model_name,scenario,scenario_group,scenario_label,baseline,ecm,sample_id,baseline_run,ecm_run,period_start,period_end,freq,baseline_energy,ecm_energy,saving_abs,saving_frac,saving_rel
EPlus,EPlus_4P_FEBMAR_beta,EPlus,EnergyPlus,beta,_beta,LoD-1: $ihg^{1}_{1}$,LoD-1: $ihg^{1}_{1}$,O&M-6,sample_001,posterior__4P__beta_Z2_S2_FEBMAR__4P__beta_Z2_S2_FULL_D_FEBMAR_0000,4P__beta_Z2_S2_FEBMAR__R2a__4P__beta_Z2_S2_FULL_D_FEBMAR_0000,2023-01-20,2023-03-17,daily,19.650244342427026,16.66724118698889,2.983003155438137,0.15180488870550618,15.180488870550619
EPlus,EPlus_4P_FEBMAR_beta,EPlus,EnergyPlus,beta,_beta,LoD-1: $ihg^{1}_{1}$,LoD-1: $ihg^{1}_{1}$,O&M-6,sample_002,posterior__4P__beta_Z2_S2_FEBMAR__4P__beta_Z2_S2_FULL_D_FEBMAR_0001,4P__beta_Z2_S2_FEBMAR__R2a__4P__beta_Z2_S2_FULL_D_FEBMAR_0001,2023-01-20,2023-03-17,daily,19.991976099503344,17.03862984154341,2.9533462579599323,0.14772658006695505,14.772658006695504
EPlus,EPlus_4P_FEBMAR_beta,EPlus,EnergyPlus,beta,_beta,LoD-1: $ihg^{1}_{1}$,LoD-1: $ihg^{1}_{1}$,O&M-6,sample_003,posterior__4P__beta_Z2_S2_FEBMAR__4P__beta_Z2_S2_FULL_D_FEBMAR_0002,4P__beta_Z2_S2_FEBMAR__R2a__4P__beta_Z2_S2_FULL_D_FEBMAR_0002,2023-01-20,2023-03-17,daily,19.994619467855664,16.593386759555653,3.401232708300011,0.17010739883137063,17.010739883137063
EPlus,EPlus_4P_FEBMAR_beta,EPlus,EnergyPlus,beta,_beta,LoD-1: $ihg^{1}_{1}$,LoD-1: $ihg^{1}_{1}$,O&M-6,sample_004,posterior__4P__beta_Z2_S2_FEBMAR__4P__beta_Z2_S2_FULL_D_FEBMAR_0003,4P__beta_Z2_S2_FEBMAR__R2a__4P__beta_Z2_S2_FULL_D_FEBMAR_0003,2023-01-20,2023-03-17,daily,18.507431191116957,15.236137680818347,3.2712935102986105,0.1767556759507899,17.675567595078988
EPlus,EPlus_4P_FEBMAR_beta,EPlus,EnergyPlus,beta,_beta,LoD-1: $ihg^{1}_{1}$,LoD-1: $ihg^{1}_{1}$,O&M-6,sample_005,posterior__4P__beta_Z2_S2_FEBMAR__4P__beta_Z2_S2_FULL_D_FEBMAR_0004,4P__beta_Z2_S2_FEBMAR__R2a__4P__beta_Z2_S2_FULL_D_FEBMAR_0004,2023-01-20,2023-03-17,daily,20.684092600199044,17.25829120577593,3.4258013944231145,0.165624930261149,16.5624930261149
EPlus,EPlus_4P_FEBMAR_beta,EPlus,EnergyPlus,beta,_beta,LoD-1: $ihg^{1}_{1}$,LoD-1: $ihg^{1}_{1}$,O&M-6,sample_006,posterior__4P__beta_Z2_S2_FEBMAR__4P__beta_Z2_S2_FULL_D_FEBMAR_0005,4P__beta_Z2_S2_FEBMAR__R2a__4P__beta_Z2_S2_FULL_D_FEBMAR_0005,2023-01-20,2023-03-17,daily,19.13498404084359,16.167563066021916,2.9674209748216747,0.1550783093671633,15.50783093671633
EPlus,EPlus_4P_FEBMAR_beta,EPlus,EnergyPlus,beta,_beta,LoD-1: $ihg^{1}_{1}$,LoD-1: $ihg^{1}_{1}$,O&M-6,sample_007,posterior__4P__beta_Z2_S2_FEBMAR__4P__beta_Z2_S2_FULL_D_FEBMAR_0006,4P__beta_Z2_S2_FEBMAR__R2a__4P__beta_Z2_S2_FULL_D_FEBMAR_0006,2023-01-20,2023-03-17,daily,19.65756368809131,16.421654487964442,3.2359092001268692,0.16461394969750018,16.461394969750017
EPlus,EPlus_4P_FEBMAR_beta,EPlus,EnergyPlus,beta,_beta,LoD-1: $ihg^{1}_{1}$,LoD-1: $ihg^{1}_{1}$,O&M-6,sample_008,posterior__4P__beta_Z2_S2_FEBMAR__4P__beta_Z2_S2_FULL_D_FEBMAR_0007,4P__beta_Z2_S2_FEBMAR__R2a__4P__beta_Z2_S2_FULL_D_FEBMAR_0007,2023-01-20,2023-03-17,daily,21.53457786126746,18.25503764087833,3.27954022038913,0.1522918276604706,15.229182766047062
EPlus,EPlus_4P_FEBMAR_beta,EPlus,EnergyPlus,beta,_beta,LoD-1: $ihg^{1}_{1}$,LoD-1: $ihg^{1}_{1}$,O&M-6,sample_009,posterior__4P__beta_Z2_S2_FEBMAR__4P__beta_Z2_S2_FULL_D_FEBMAR_0008,4P__beta_Z2_S2_FEBMAR__R2a__4P__beta_Z2_S2_FULL_D_FEBMAR_0008,2023-01-20,2023-03-17,daily,21.77993486030796,18.59388197360417,3.1860528867037914,0.14628385746506964,14.628385746506964
EPlus,EPlus_4P_FEBMAR_beta,EPlus,EnergyPlus,beta,_beta,LoD-1: $ihg^{1}_{1}$,LoD-1: $ihg^{1}_{1}$,O&M-6,sample_010,posterior__4P__beta_Z2_S2_FEBMAR__4P__beta_Z2_S2_FULL_D_FEBMAR_0009,4P__beta_Z2_S2_FEBMAR__R2a__4P__beta_Z2_S2_FULL_D_FEBMAR_0009,2023-01-20,2023-03-17,daily,19.702774499301558,16.655494291108536,3.0472802081930226,0.1546624922444829,15.466249224448289
EPlus,EPlus_4P_FEBMAR_beta,EPlus,EnergyPlus,beta,_beta,LoD-1: $ihg^{1}_{1}$,LoD-1: $ihg^{1}_{1}$,O&M-1,sample_001,posterior__4P__beta_Z2_S2_FEBMAR__4P__beta_Z2_S2_FULL_D_FEBMAR_0000,4P__beta_Z2_S2_FEBMAR__R0a__4P__beta_Z2_S2_FULL_D_FEBMAR_0000,2023-01-20,2023-03-17,daily,19.650244342427026,17.412170854747373,2.238073487679653,0.11389545334290871,11.38954533429087
EPlus,EPlus_4P_FEBMAR_beta,EPlus,EnergyPlus,beta,_beta,LoD-1: $ihg^{1}_{1}$,LoD-1: $ihg^{1}_{1}$,O&M-1,sample_002,posterior__4P__beta_Z2_S2_FEBMAR__4P__beta_Z2_S2_FULL_D_FEBMAR_0001,4P__beta_Z2_S2_FEBMAR__R0a__4P__beta_Z2_S2_FULL_D_FEBMAR_0001,2023-01-20,2023-03-17,daily,19.991976099503344,17.595882988193058,2.396093111310286,0.11985273988847013,11.985273988847013
EPlus,EPlus_4P_FEBMAR_beta,EPlus,EnergyPlus,beta,_beta,LoD-1: $ihg^{1}_{1}$,LoD-1: $ihg^{1}_{1}$,O&M-1,sample_003,posterior__4P__beta_Z2_S2_FEBMAR__4P__beta_Z2_S2_FULL_D_FEBMAR_0002,4P__beta_Z2_S2_FEBMAR__R0a__4P__beta_Z2_S2_FULL_D_FEBMAR_0002,2023-01-20,2023-03-17,daily,19.994619467855664,18.142891830475122,1.8517276373805416,0.0926112967719876,9.26112967719876
EPlus,EPlus_4P_FEBMAR_beta,EPlus,EnergyPlus,beta,_beta,LoD-1: $ihg^{1}_{1}$,LoD-1: $ihg^{1}_{1}$,O&M-1,sample_004,posterior__4P__beta_Z2_S2_FEBMAR__4P__beta_Z2_S2_FULL_D_FEBMAR_0003,4P__beta_Z2_S2_FEBMAR__R0a__4P__beta_Z2_S2_FULL_D_FEBMAR_0003,2023-01-20,2023-03-17,daily,18.507431191116957,16.657680677866335,1.8497505132506227,0.0999463671726874,9.99463671726874
EPlus,EPlus_4P_FEBMAR_beta,EPlus,EnergyPlus,beta,_beta,LoD-1: $ihg^{1}_{1}$,LoD-1: $ihg^{1}_{1}$,O&M-1,sample_005,posterior__4P__beta_Z2_S2_FEBMAR__4P__beta_Z2_S2_FULL_D_FEBMAR_0004,4P__beta_Z2_S2_FEBMAR__R0a__4P__beta_Z2_S2_FULL_D_FEBMAR_0004,2023-01-20,2023-03-17,daily,20.684092600199044,18.73393204115961,1.9501605590394355,0.09428310908938152,9.428310908938151
EPlus,EPlus_4P_FEBMAR_beta,EPlus,EnergyPlus,beta,_beta,LoD-1: $ihg^{1}_{1}$,LoD-1: $ihg^{1}_{1}$,O&M-1,sample_006,posterior__4P__beta_Z2_S2_FEBMAR__4P__beta_Z2_S2_FULL_D_FEBMAR_0005,4P__beta_Z2_S2_FEBMAR__R0a__4P__beta_Z2_S2_FULL_D_FEBMAR_0005,2023-01-20,2023-03-17,daily,19.13498404084359,16.784346933371378,2.350637107472213,0.12284499963286001,12.284499963286
EPlus,EPlus_4P_FEBMAR_beta,EPlus,EnergyPlus,beta,_beta,LoD-1: $ihg^{1}_{1}$,LoD-1: $ihg^{1}_{1}$,O&M-1,sample_007,posterior__4P__beta_Z2_S2_FEBMAR__4P__beta_Z2_S2_FULL_D_FEBMAR_0006,4P__beta_Z2_S2_FEBMAR__R0a__4P__beta_Z2_S2_FULL_D_FEBMAR_0006,2023-01-20,2023-03-17,daily,19.65756368809131,18.026705746822536,1.6308579412687756,0.08296338077015926,8.296338077015927
EPlus,EPlus_4P_FEBMAR_beta,EPlus,EnergyPlus,beta,_beta,LoD-1: $ihg^{1}_{1}$,LoD-1: $ihg^{1}_{1}$,O&M-1,sample_008,posterior__4P__beta_Z2_S2_FEBMAR__4P__beta_Z2_S2_FULL_D_FEBMAR_0007,4P__beta_Z2_S2_FEBMAR__R0a__4P__beta_Z2_S2_FULL_D_FEBMAR_0007,2023-01-20,2023-03-17,daily,21.53457786126746,19.04438074250233,2.4901971187651313,0.11563714574800425,11.563714574800425
EPlus,EPlus_4P_FEBMAR_beta,EPlus,EnergyPlus,beta,_beta,LoD-1: $ihg^{1}_{1}$,LoD-1: $ihg^{1}_{1}$,O&M-1,sample_009,posterior__4P__beta_Z2_S2_FEBMAR__4P__beta_Z2_S2_FULL_D_FEBMAR_0008,4P__beta_Z2_S2_FEBMAR__R0a__4P__beta_Z2_S2_FULL_D_FEBMAR_0008,2023-01-20,2023-03-17,daily,21.77993486030796,19.237363312298317,2.5425715480096436,0.11673917136654341,11.67391713665434
EPlus,EPlus_4P_FEBMAR_beta,EPlus,EnergyPlus,beta,_beta,LoD-1: $ihg^{1}_{1}$,LoD-1: $ihg^{1}_{1}$,O&M-1,sample_010,posterior__4P__beta_Z2_S2_FEBMAR__4P__beta_Z2_S2_FULL_D_FEBMAR_0009,4P__beta_Z2_S2_FEBMAR__R0a__4P__beta_Z2_S2_FULL_D_FEBMAR_0009,2023-01-20,2023-03-17,daily,19.702774499301558,17.63657236466183,2.0662021346397275,0.10486858765566098,10.486858765566097
EPlus,EPlus_4P_FEBMAR_beta,EPlus,EnergyPlus,beta,_beta,LoD-1: $ihg^{1}_{1}$,LoD-1: $ihg^{1}_{1}$,O&M-2,sample_001,posterior__4P__beta_Z2_S2_FEBMAR__4P__beta_Z2_S2_FULL_D_FEBMAR_0000,4P__beta_Z2_S2_FEBMAR__R0d__4P__beta_Z2_S2_FULL_D_FEBMAR_0000,2023-01-20,2023-03-17,daily,19.650244342427026,17.254538407819147,2.3957059346078786,0.12191736106992256,12.191736106992256
EPlus,EPlus_4P_FEBMAR_beta,EPlus,EnergyPlus,beta,_beta,LoD-1: $ihg^{1}_{1}$,LoD-1: $ihg^{1}_{1}$,O&M-2,sample_002,posterior__4P__beta_Z2_S2_FEBMAR__4P__beta_Z2_S2_FULL_D_FEBMAR_0001,4P__beta_Z2_S2_FEBMAR__R0d__4P__beta_Z2_S2_FULL_D_FEBMAR_0001,2023-01-20,2023-03-17,daily,19.991976099503344,17.4063915606033,2.5855845389000436,0.12933111394447278,12.933111394447277
EPlus,EPlus_4P_FEBMAR_beta,EPlus,EnergyPlus,beta,_beta,LoD-1: $ihg^{1}_{1}$,LoD-1: $ihg^{1}_{1}$,O&M-2,sample_003,posterior__4P__beta_Z2_S2_FEBMAR__4P__beta_Z2_S2_FULL_D_FEBMAR_0002,4P__beta_Z2_S2_FEBMAR__R0d__4P__beta_Z2_S2_FULL_D_FEBMAR_0002,2023-01-20,2023-03-17,daily,19.994619467855664,17.97196873503412,2.0226507328215426,0.10115975130575781,10.115975130575782
EPlus,EPlus_4P_FEBMAR_beta,EPlus,EnergyPlus,beta,_beta,LoD-1: $ihg^{1}_{1}$,LoD-1: $ihg^{1}_{1}$,O&M-2,sample_004,posterior__4P__beta_Z2_S2_FEBMAR__4P__beta_Z2_S2_FULL_D_FEBMAR_0003,4P__beta_Z2_S2_FEBMAR__R0d__4P__beta_Z2_S2_FULL_D_FEBMAR_0003,2023-01-20,2023-03-17,daily,18.507431191116957,16.502899203944043,2.004531987172914,0.10830957394751967,10.830957394751966
EPlus,EPlus_4P_FEBMAR_beta,EPlus,EnergyPlus,beta,_beta,LoD-1: $ihg^{1}_{1}$,LoD-1: $ihg^{1}_{1}$,O&M-2,sample_005,posterior__4P__beta_Z2_S2_FEBMAR__4P__beta_Z2_S2_FULL_D_FEBMAR_0004,4P__beta_Z2_S2_FEBMAR__R0d__4P__beta_Z2_S2_FULL_D_FEBMAR_0004,2023-01-20,2023-03-17,daily,20.684092600199044,18.533983006795953,2.1501095934030907,0.10394991141078144,10.394991141078144
EPlus,EPlus_4P_FEBMAR_beta,EPlus,EnergyPlus,beta,_beta,LoD-1: $ihg^{1}_{1}$,LoD-1: $ihg^{1}_{1}$,O&M-2,sample_006,posterior__4P__beta_Z2_S2_FEBMAR__4P__beta_Z2_S2_FULL_D_FEBMAR_0005,4P__beta_Z2_S2_FEBMAR__R0d__4P__beta_Z2_S2_FULL_D_FEBMAR_0005,2023-01-20,2023-03-17,daily,19.13498404084359,16.62462018498173,2.5103638558618613,0.13119236736772258,13.119236736772258
EPlus,EPlus_4P_FEBMAR_beta,EPlus,EnergyPlus,beta,_beta,LoD-1: $ihg^{1}_{1}$,LoD-1: $ihg^{1}_{1}$,O&M-2,sample_007,posterior__4P__beta_Z2_S2_FEBMAR__4P__beta_Z2_S2_FULL_D_FEBMAR_0006,4P__beta_Z2_S2_FEBMAR__R0d__4P__beta_Z2_S2_FULL_D_FEBMAR_0006,2023-01-20,2023-03-17,daily,19.65756368809131,17.843749168156656,1.813814519934656,0.09227056560592387,9.227056560592386
EPlus,EPlus_4P_FEBMAR_beta,EPlus,EnergyPlus,beta,_beta,LoD-1: $ihg^{1}_{1}$,LoD-1: $ihg^{1}_{1}$,O&M-2,sample_008,posterior__4P__beta_Z2_S2_FEBMAR__4P__beta_Z2_S2_FULL_D_FEBMAR_0007,4P__beta_Z2_S2_FEBMAR__R0d__4P__beta_Z2_S2_FULL_D_FEBMAR_0007,2023-01-20,2023-03-17,daily,21.53457786126746,18.847211834800838,2.6873660264666235,0.12479306739976435,12.479306739976435
EPlus,EPlus_4P_FEBMAR_beta,EPlus,EnergyPlus,beta,_beta,LoD-1: $ihg^{1}_{1}$,LoD-1: $ihg^{1}_{1}$,O&M-2,sample_009,posterior__4P__beta_Z2_S2_FEBMAR__4P__beta_Z2_S2_FULL_D_FEBMAR_0008,4P__beta_Z2_S2_FEBMAR__R0d__4P__beta_Z2_S2_FULL_D_FEBMAR_0008,2023-01-20,2023-03-17,daily,21.77993486030796,19.040574903344687,2.7393599569632734,0.12577447887392532,12.577447887392532
EPlus,EPlus_4P_FEBMAR_beta,EPlus,EnergyPlus,beta,_beta,LoD-1: $ihg^{1}_{1}$,LoD-1: $ihg^{1}_{1}$,O&M-2,sample_010,posterior__4P__beta_Z2_S2_FEBMAR__4P__beta_Z2_S2_FULL_D_FEBMAR_0009,4P__beta_Z2_S2_FEBMAR__R0d__4P__beta_Z2_S2_FULL_D_FEBMAR_0009,2023-01-20,2023-03-17,daily,19.702774499301558,17.44159584603483,2.261178653266729,0.11476447915225772,11.476447915225773
EPlus,EPlus_4P_FEBMAR_beta,EPlus,EnergyPlus,beta,_beta,LoD-1: $ihg^{1}_{1}$,LoD-1: $ihg^{1}_{1}$,O&M-3,sample_001,posterior__4P__beta_Z2_S2_FEBMAR__4P__beta_Z2_S2_FULL_D_FEBMAR_0000,4P__beta_Z2_S2_FEBMAR__R0b__4P__beta_Z2_S2_FULL_D_FEBMAR_0000,2023-01-20,2023-03-17,daily,19.650244342427026,18.308647251248708,1.3415970911783184,0.068273812162308,6.8273812162308
EPlus,EPlus_4P_FEBMAR_beta,EPlus,EnergyPlus,beta,_beta,LoD-1: $ihg^{1}_{1}$,LoD-1: $ihg^{1}_{1}$,O&M-3,sample_002,posterior__4P__beta_Z2_S2_FEBMAR__4P__beta_Z2_S2_FULL_D_FEBMAR_0001,4P__beta_Z2_S2_FEBMAR__R0b__4P__beta_Z2_S2_FULL_D_FEBMAR_0001,2023-01-20,2023-03-17,daily,19.991976099503344,18.736895088366243,1.2550810111371007,0.06277923727451237,6.277923727451237
EPlus,EPlus_4P_FEBMAR_beta,EPlus,EnergyPlus,beta,_beta,LoD-1: $ihg^{1}_{1}$,LoD-1: $ihg^{1}_{1}$,O&M-3,sample_003,posterior__4P__beta_Z2_S2_FEBMAR__4P__beta_Z2_S2_FULL_D_FEBMAR_0002,4P__beta_Z2_S2_FEBMAR__R0b__4P__beta_Z2_S2_FULL_D_FEBMAR_0002,2023-01-20,2023-03-17,daily,19.994619467855664,18.56353328010606,1.431086187749603,0.07157356458072572,7.157356458072572
EPlus,EPlus_4P_FEBMAR_beta,EPlus,EnergyPlus,beta,_beta,LoD-1: $ihg^{1}_{1}$,LoD-1: $ihg^{1}_{1}$,O&M-3,sample_004,posterior__4P__beta_Z2_S2_FEBMAR__4P__beta_Z2_S2_FULL_D_FEBMAR_0003,4P__beta_Z2_S2_FEBMAR__R0b__4P__beta_Z2_S2_FULL_D_FEBMAR_0003,2023-01-20,2023-03-17,daily,18.507431191116957,17.278790875857922,1.2286403152590353,0.06638632355681796,6.638632355681796
EPlus,EPlus_4P_FEBMAR_beta,EPlus,EnergyPlus,beta,_beta,LoD-1: $ihg^{1}_{1}$,LoD-1: $ihg^{1}_{1}$,O&M-3,sample_005,posterior__4P__beta_Z2_S2_FEBMAR__4P__beta_Z2_S2_FULL_D_FEBMAR_0004,4P__beta_Z2_S2_FEBMAR__R0b__4P__beta_Z2_S2_FULL_D_FEBMAR_0004,2023-01-20,2023-03-17,daily,20.684092600199044,19.244029907559714,1.44006269263933,0.06962174848441127,6.962174848441127
EPlus,EPlus_4P_FEBMAR_beta,EPlus,EnergyPlus,beta,_beta,LoD-1: $ihg^{1}_{1}$,LoD-1: $ihg^{1}_{1}$,O&M-3,sample_006,posterior__4P__beta_Z2_S2_FEBMAR__4P__beta_Z2_S2_FULL_D_FEBMAR_0005,4P__beta_Z2_S2_FEBMAR__R0b__4P__beta_Z2_S2_FULL_D_FEBMAR_0005,2023-01-20,2023-03-17,daily,19.13498404084359,17.959253270617193,1.175730770226398,0.061444042373738204,6.144404237373821
EPlus,EPlus_4P_FEBMAR_beta,EPlus,EnergyPlus,beta,_beta,LoD-1: $ihg^{1}_{1}$,LoD-1: $ihg^{1}_{1}$,O&M-3,sample_007,posterior__4P__beta_Z2_S2_FEBMAR__4P__beta_Z2_S2_FULL_D_FEBMAR_0006,4P__beta_Z2_S2_FEBMAR__R0b__4P__beta_Z2_S2_FULL_D_FEBMAR_0006,2023-01-20,2023-03-17,daily,19.65756368809131,18.122277943316398,1.5352857447749138,0.07810152718492783,7.810152718492783
EPlus,EPlus_4P_FEBMAR_beta,EPlus,EnergyPlus,beta,_beta,LoD-1: $ihg^{1}_{1}$,LoD-1: $ihg^{1}_{1}$,O&M-3,sample_008,posterior__4P__beta_Z2_S2_FEBMAR__4P__beta_Z2_S2_FULL_D_FEBMAR_0007,4P__beta_Z2_S2_FEBMAR__R0b__4P__beta_Z2_S2_FULL_D_FEBMAR_0007,2023-01-20,2023-03-17,daily,21.53457786126746,20.198478775411967,1.3360990858554942,0.06204435928408096,6.204435928408096
EPlus,EPlus_4P_FEBMAR_beta,EPlus,EnergyPlus,beta,_beta,LoD-1: $ihg^{1}_{1}$,LoD-1: $ihg^{1}_{1}$,O&M-3,sample_009,posterior__4P__beta_Z2_S2_FEBMAR__4P__beta_Z2_S2_FULL_D_FEBMAR_0008,4P__beta_Z2_S2_FEBMAR__R0b__4P__beta_Z2_S2_FULL_D_FEBMAR_0008,2023-01-20,2023-03-17,daily,21.77993486030796,20.38887406866165,1.3910607916463107,0.06386891423543227,6.386891423543227
EPlus,EPlus_4P_FEBMAR_beta,EPlus,EnergyPlus,beta,_beta,LoD-1: $ihg^{1}_{1}$,LoD-1: $ihg^{1}_{1}$,O&M-3,sample_010,posterior__4P__beta_Z2_S2_FEBMAR__4P__beta_Z2_S2_FULL_D_FEBMAR_0009,4P__beta_Z2_S2_FEBMAR__R0b__4P__beta_Z2_S2_FULL_D_FEBMAR_0009,2023-01-20,2023-03-17,daily,19.702774499301558,18.36351785258211,1.3392566467194484,0.06797299775049061,6.797299775049061
EPlus,EPlus_4P_FEBMAR_beta,EPlus,EnergyPlus,beta,_beta,LoD-1: $ihg^{1}_{1}$,LoD-1: $ihg^{1}_{1}$,O&M-4,sample_001,posterior__4P__beta_Z2_S2_FEBMAR__4P__beta_Z2_S2_FULL_D_FEBMAR_0000,4P__beta_Z2_S2_FEBMAR__R2b__4P__beta_Z2_S2_FULL_D_FEBMAR_0000,2023-01-20,2023-03-17,daily,19.650244342427026,18.27817146611461,1.3720728763124157,0.0698247234183221,6.98247234183221
EPlus,EPlus_4P_FEBMAR_beta,EPlus,EnergyPlus,beta,_beta,LoD-1: $ihg^{1}_{1}$,LoD-1: $ihg^{1}_{1}$,O&M-4,sample_002,posterior__4P__beta_Z2_S2_FEBMAR__4P__beta_Z2_S2_FULL_D_FEBMAR_0001,4P__beta_Z2_S2_FEBMAR__R2b__4P__beta_Z2_S2_FULL_D_FEBMAR_0001,2023-01-20,2023-03-17,daily,19.991976099503344,18.686972677874053,1.3050034216292907,0.06527635963218817,6.527635963218817
EPlus,EPlus_4P_FEBMAR_beta,EPlus,EnergyPlus,beta,_beta,LoD-1: $ihg^{1}_{1}$,LoD-1: $ihg^{1}_{1}$,O&M-4,sample_003,posterior__4P__beta_Z2_S2_FEBMAR__4P__beta_Z2_S2_FULL_D_FEBMAR_0002,4P__beta_Z2_S2_FEBMAR__R2b__4P__beta_Z2_S2_FULL_D_FEBMAR_0002,2023-01-20,2023-03-17,daily,19.994619467855664,18.505581760861567,1.4890377069940968,0.07447192027775008,7.447192027775008
EPlus,EPlus_4P_FEBMAR_beta,EPlus,EnergyPlus,beta,_beta,LoD-1: $ihg^{1}_{1}$,LoD-1: $ihg^{1}_{1}$,O&M-4,sample_004,posterior__4P__beta_Z2_S2_FEBMAR__4P__beta_Z2_S2_FULL_D_FEBMAR_0003,4P__beta_Z2_S2_FEBMAR__R2b__4P__beta_Z2_S2_FULL_D_FEBMAR_0003,2023-01-20,2023-03-17,daily,18.507431191116957,17.22982377734619,1.2776074137707667,0.06903213096283087,6.903213096283086
EPlus,EPlus_4P_FEBMAR_beta,EPlus,EnergyPlus,beta,_beta,LoD-1: $ihg^{1}_{1}$,LoD-1: $ihg^{1}_{1}$,O&M-4,sample_005,posterior__4P__beta_Z2_S2_FEBMAR__4P__beta_Z2_S2_FULL_D_FEBMAR_0004,4P__beta_Z2_S2_FEBMAR__R2b__4P__beta_Z2_S2_FULL_D_FEBMAR_0004,2023-01-20,2023-03-17,daily,20.684092600199044,19.162706264568886,1.521386335630158,0.07355344829656765,7.355344829656765
EPlus,EPlus_4P_FEBMAR_beta,EPlus,EnergyPlus,beta,_beta,LoD-1: $ihg^{1}_{1}$,LoD-1: $ihg^{1}_{1}$,O&M-4,sample_006,posterior__4P__beta_Z2_S2_FEBMAR__4P__beta_Z2_S2_FULL_D_FEBMAR_0005,4P__beta_Z2_S2_FEBMAR__R2b__4P__beta_Z2_S2_FULL_D_FEBMAR_0005,2023-01-20,2023-03-17,daily,19.13498404084359,17.928309603661177,1.2066744371824143,0.0630611676814974,6.3061167681497405
EPlus,EPlus_4P_FEBMAR_beta,EPlus,EnergyPlus,beta,_beta,LoD-1: $ihg^{1}_{1}$,LoD-1: $ihg^{1}_{1}$,O&M-4,sample_007,posterior__4P__beta_Z2_S2_FEBMAR__4P__beta_Z2_S2_FULL_D_FEBMAR_0006,4P__beta_Z2_S2_FEBMAR__R2b__4P__beta_Z2_S2_FULL_D_FEBMAR_0006,2023-01-20,2023-03-17,daily,19.65756368809131,18.03873982245115,1.618823865640163,0.08235119526133637,8.235119526133637
EPlus,EPlus_4P_FEBMAR_beta,EPlus,EnergyPlus,beta,_beta,LoD-1: $ihg^{1}_{1}$,LoD-1: $ihg^{1}_{1}$,O&M-4,sample_008,posterior__4P__beta_Z2_S2_FEBMAR__4P__beta_Z2_S2_FULL_D_FEBMAR_0007,4P__beta_Z2_S2_FEBMAR__R2b__4P__beta_Z2_S2_FULL_D_FEBMAR_0007,2023-01-20,2023-03-17,daily,21.53457786126746,20.149658707658073,1.3849191536093883,0.06431141406771351,6.431141406771351
EPlus,EPlus_4P_FEBMAR_beta,EPlus,EnergyPlus,beta,_beta,LoD-1: $ihg^{1}_{1}$,LoD-1: $ihg^{1}_{1}$,O&M-4,sample_009,posterior__4P__beta_Z2_S2_FEBMAR__4P__beta_Z2_S2_FULL_D_FEBMAR_0008,4P__beta_Z2_S2_FEBMAR__R2b__4P__beta_Z2_S2_FULL_D_FEBMAR_0008,2023-01-20,2023-03-17,daily,21.77993486030796,20.34300741056538,1.43692744974258,0.06597482770075935,6.597482770075935
EPlus,EPlus_4P_FEBMAR_beta,EPlus,EnergyPlus,beta,_beta,LoD-1: $ihg^{1}_{1}$,LoD-1: $ihg^{1}_{1}$,O&M-4,sample_010,posterior__4P__beta_Z2_S2_FEBMAR__4P__beta_Z2_S2_FULL_D_FEBMAR_0009,4P__beta_Z2_S2_FEBMAR__R2b__4P__beta_Z2_S2_FULL_D_FEBMAR_0009,2023-01-20,2023-03-17,daily,19.702774499301558,18.293692685182243,1.4090818141193147,0.07151692337387636,7.151692337387636
EPlus,EPlus_4P_FEBMAR_beta,EPlus,EnergyPlus,beta,_beta,LoD-1: $ihg^{1}_{1}$,LoD-1: $ihg^{1}_{1}$,O&M-5,sample_001,posterior__4P__beta_Z2_S2_FEBMAR__4P__beta_Z2_S2_FULL_D_FEBMAR_0000,4P__beta_Z2_S2_FEBMAR__R2y__4P__beta_Z2_S2_FULL_D_FEBMAR_0000,2023-01-20,2023-03-17,daily,19.650244342427026,15.361717746007612,4.288526596419414,0.21824291452498717,21.824291452498716
EPlus,EPlus_4P_FEBMAR_beta,EPlus,EnergyPlus,beta,_beta,LoD-1: $ihg^{1}_{1}$,LoD-1: $ihg^{1}_{1}$,O&M-5,sample_002,posterior__4P__beta_Z2_S2_FEBMAR__4P__beta_Z2_S2_FULL_D_FEBMAR_0001,4P__beta_Z2_S2_FEBMAR__R2y__4P__beta_Z2_S2_FULL_D_FEBMAR_0001,2023-01-20,2023-03-17,daily,19.991976099503344,15.610591573299033,4.381384526204311,0.21915715106888092,21.915715106888094
EPlus,EPlus_4P_FEBMAR_beta,EPlus,EnergyPlus,beta,_beta,LoD-1: $ihg^{1}_{1}$,LoD-1: $ihg^{1}_{1}$,O&M-5,sample_003,posterior__4P__beta_Z2_S2_FEBMAR__4P__beta_Z2_S2_FULL_D_FEBMAR_0002,4P__beta_Z2_S2_FEBMAR__R2y__4P__beta_Z2_S2_FULL_D_FEBMAR_0002,2023-01-20,2023-03-17,daily,19.994619467855664,15.141931692321474,4.852687775534189,0.24269968144858217,24.26996814485822
EPlus,EPlus_4P_FEBMAR_beta,EPlus,EnergyPlus,beta,_beta,LoD-1: $ihg^{1}_{1}$,LoD-1: $ihg^{1}_{1}$,O&M-5,sample_004,posterior__4P__beta_Z2_S2_FEBMAR__4P__beta_Z2_S2_FULL_D_FEBMAR_0003,4P__beta_Z2_S2_FEBMAR__R2y__4P__beta_Z2_S2_FULL_D_FEBMAR_0003,2023-01-20,2023-03-17,daily,18.507431191116957,13.834657120350775,4.672774070766183,0.25248096413342236,25.248096413342235
EPlus,EPlus_4P_FEBMAR_beta,EPlus,EnergyPlus,beta,_beta,LoD-1: $ihg^{1}_{1}$,LoD-1: $ihg^{1}_{1}$,O&M-5,sample_005,posterior__4P__beta_Z2_S2_FEBMAR__4P__beta_Z2_S2_FULL_D_FEBMAR_0004,4P__beta_Z2_S2_FEBMAR__R2y__4P__beta_Z2_S2_FULL_D_FEBMAR_0004,2023-01-20,2023-03-17,daily,20.684092600199044,15.708253501815701,4.975839098383343,0.24056356711221938,24.056356711221937
EPlus,EPlus_4P_FEBMAR_beta,EPlus,EnergyPlus,beta,_beta,LoD-1: $ihg^{1}_{1}$,LoD-1: $ihg^{1}_{1}$,O&M-5,sample_006,posterior__4P__beta_Z2_S2_FEBMAR__4P__beta_Z2_S2_FULL_D_FEBMAR_0005,4P__beta_Z2_S2_FEBMAR__R2y__4P__beta_Z2_S2_FULL_D_FEBMAR_0005,2023-01-20,2023-03-17,daily,19.13498404084359,14.845125611508864,4.289858429334727,0.22418928702412455,22.418928702412455
EPlus,EPlus_4P_FEBMAR_beta,EPlus,EnergyPlus,beta,_beta,LoD-1: $ihg^{1}_{1}$,LoD-1: $ihg^{1}_{1}$,O&M-5,sample_007,posterior__4P__beta_Z2_S2_FEBMAR__4P__beta_Z2_S2_FULL_D_FEBMAR_0006,4P__beta_Z2_S2_FEBMAR__R2y__4P__beta_Z2_S2_FULL_D_FEBMAR_0006,2023-01-20,2023-03-17,daily,19.65756368809131,14.939923574259332,4.71764011383198,0.23999108885960058,23.99910888596006
EPlus,EPlus_4P_FEBMAR_beta,EPlus,EnergyPlus,beta,_beta,LoD-1: $ihg^{1}_{1}$,LoD-1: $ihg^{1}_{1}$,O&M-5,sample_008,posterior__4P__beta_Z2_S2_FEBMAR__4P__beta_Z2_S2_FULL_D_FEBMAR_0007,4P__beta_Z2_S2_FEBMAR__R2y__4P__beta_Z2_S2_FULL_D_FEBMAR_0007,2023-01-20,2023-03-17,daily,21.53457786126746,16.787660415578305,4.7469174456891565,0.22043234263844386,22.043234263844386
EPlus,EPlus_4P_FEBMAR_beta,EPlus,EnergyPlus,beta,_beta,LoD-1: $ihg^{1}_{1}$,LoD-1: $ihg^{1}_{1}$,O&M-5,sample_009,posterior__4P__beta_Z2_S2_FEBMAR__4P__beta_Z2_S2_FULL_D_FEBMAR_0008,4P__beta_Z2_S2_FEBMAR__R2y__4P__beta_Z2_S2_FULL_D_FEBMAR_0008,2023-01-20,2023-03-17,daily,21.77993486030796,17.147529192372836,4.632405667935124,0.21269143813544095,21.269143813544094
EPlus,EPlus_4P_FEBMAR_beta,EPlus,EnergyPlus,beta,_beta,LoD-1: $ihg^{1}_{1}$,LoD-1: $ihg^{1}_{1}$,O&M-5,sample_010,posterior__4P__beta_Z2_S2_FEBMAR__4P__beta_Z2_S2_FULL_D_FEBMAR_0009,4P__beta_Z2_S2_FEBMAR__R2y__4P__beta_Z2_S2_FULL_D_FEBMAR_0009,2023-01-20,2023-03-17,daily,19.702774499301558,15.178039618646407,4.524734880655151,0.22964963035107305,22.964963035107306
EPlus,EPlus_4P_FEBMAR_gamma,EPlus,EnergyPlus,gamma,_gamma,LoD-2: $ihg^{2}_{1}$,LoD-2: $ihg^{2}_{1}$,O&M-6,sample_001,posterior__4P__gamma_Z2_S2_FEBMAR__4P__gamma_Z2_S2_FULL_D_FEBMAR_0000,4P__gamma_Z2_S2_FEBMAR__R2a__4P__gamma_Z2_S2_FULL_D_FEBMAR_0000,2023-01-20,2023-03-17,daily,18.980035255178784,15.911038307848576,3.0689969473302074,0.16169606147031884,16.169606147031885
EPlus,EPlus_4P_FEBMAR_gamma,EPlus,EnergyPlus,gamma,_gamma,LoD-2: $ihg^{2}_{1}$,LoD-2: $ihg^{2}_{1}$,O&M-6,sample_002,posterior__4P__gamma_Z2_S2_FEBMAR__4P__gamma_Z2_S2_FULL_D_FEBMAR_0001,4P__gamma_Z2_S2_FEBMAR__R2a__4P__gamma_Z2_S2_FULL_D_FEBMAR_0001,2023-01-20,2023-03-17,daily,18.124632953329293,15.162394519599308,2.9622384337299845,0.1634371543610131,16.34371543610131
EPlus,EPlus_4P_FEBMAR_gamma,EPlus,EnergyPlus,gamma,_gamma,LoD-2: $ihg^{2}_{1}$,LoD-2: $ihg^{2}_{1}$,O&M-6,sample_003,posterior__4P__gamma_Z2_S2_FEBMAR__4P__gamma_Z2_S2_FULL_D_FEBMAR_0002,4P__gamma_Z2_S2_FEBMAR__R2a__4P__gamma_Z2_S2_FULL_D_FEBMAR_0002,2023-01-20,2023-03-17,daily,21.346311845622807,17.690598910369026,3.6557129352537814,0.17125735638512224,17.125735638512225
EPlus,EPlus_4P_FEBMAR_gamma,EPlus,EnergyPlus,gamma,_gamma,LoD-2: $ihg^{2}_{1}$,LoD-2: $ihg^{2}_{1}$,O&M-6,sample_004,posterior__4P__gamma_Z2_S2_FEBMAR__4P__gamma_Z2_S2_FULL_D_FEBMAR_0003,4P__gamma_Z2_S2_FEBMAR__R2a__4P__gamma_Z2_S2_FULL_D_FEBMAR_0003,2023-01-20,2023-03-17,daily,20.12268697671954,16.86203147320916,3.260655503510378,0.16203877281809906,16.203877281809905
EPlus,EPlus_4P_FEBMAR_gamma,EPlus,EnergyPlus,gamma,_gamma,LoD-2: $ihg^{2}_{1}$,LoD-2: $ihg^{2}_{1}$,O&M-6,sample_005,posterior__4P__gamma_Z2_S2_FEBMAR__4P__gamma_Z2_S2_FULL_D_FEBMAR_0004,4P__gamma_Z2_S2_FEBMAR__R2a__4P__gamma_Z2_S2_FULL_D_FEBMAR_0004,2023-01-20,2023-03-17,daily,21.206216311412454,17.689300375226704,3.5169159361857503,0.16584363210013411,16.58436321001341
EPlus,EPlus_4P_FEBMAR_gamma,EPlus,EnergyPlus,gamma,_gamma,LoD-2: $ihg^{2}_{1}$,LoD-2: $ihg^{2}_{1}$,O&M-6,sample_006,posterior__4P__gamma_Z2_S2_FEBMAR__4P__gamma_Z2_S2_FULL_D_FEBMAR_0005,4P__gamma_Z2_S2_FEBMAR__R2a__4P__gamma_Z2_S2_FULL_D_FEBMAR_0005,2023-01-20,2023-03-17,daily,19.472057405749062,16.107369212789525,3.3646881929595374,0.17279572070109675,17.279572070109676
EPlus,EPlus_4P_FEBMAR_gamma,EPlus,EnergyPlus,gamma,_gamma,LoD-2: $ihg^{2}_{1}$,LoD-2: $ihg^{2}_{1}$,O&M-6,sample_007,posterior__4P__gamma_Z2_S2_FEBMAR__4P__gamma_Z2_S2_FULL_D_FEBMAR_0006,4P__gamma_Z2_S2_FEBMAR__R2a__4P__gamma_Z2_S2_FULL_D_FEBMAR_0006,2023-01-20,2023-03-17,daily,18.21861118483593,14.935003671717842,3.2836075131180866,0.1802336895938129,18.02336895938129
EPlus,EPlus_4P_FEBMAR_gamma,EPlus,EnergyPlus,gamma,_gamma,LoD-2: $ihg^{2}_{1}$,LoD-2: $ihg^{2}_{1}$,O&M-6,sample_008,posterior__4P__gamma_Z2_S2_FEBMAR__4P__gamma_Z2_S2_FULL_D_FEBMAR_0007,4P__gamma_Z2_S2_FEBMAR__R2a__4P__gamma_Z2_S2_FULL_D_FEBMAR_0007,2023-01-20,2023-03-17,daily,19.97976194649785,16.895630859013753,3.0841310874840957,0.1543627544583782,15.436275445837818
EPlus,EPlus_4P_FEBMAR_gamma,EPlus,EnergyPlus,gamma,_gamma,LoD-2: $ihg^{2}_{1}$,LoD-2: $ihg^{2}_{1}$,O&M-6,sample_009,posterior__4P__gamma_Z2_S2_FEBMAR__4P__gamma_Z2_S2_FULL_D_FEBMAR_0008,4P__gamma_Z2_S2_FEBMAR__R2a__4P__gamma_Z2_S2_FULL_D_FEBMAR_0008,2023-01-20,2023-03-17,daily,19.371417398176362,16.201480777859107,3.169936620317255,0.16363989041997903,16.363989041997904
EPlus,EPlus_4P_FEBMAR_gamma,EPlus,EnergyPlus,gamma,_gamma,LoD-2: $ihg^{2}_{1}$,LoD-2: $ihg^{2}_{1}$,O&M-6,sample_010,posterior__4P__gamma_Z2_S2_FEBMAR__4P__gamma_Z2_S2_FULL_D_FEBMAR_0009,4P__gamma_Z2_S2_FEBMAR__R2a__4P__gamma_Z2_S2_FULL_D_FEBMAR_0009,2023-01-20,2023-03-17,daily,20.268704575891505,16.919565727449132,3.3491388484423723,0.16523694624401336,16.523694624401337
EPlus,EPlus_4P_FEBMAR_gamma,EPlus,EnergyPlus,gamma,_gamma,LoD-2: $ihg^{2}_{1}$,LoD-2: $ihg^{2}_{1}$,O&M-1,sample_001,posterior__4P__gamma_Z2_S2_FEBMAR__4P__gamma_Z2_S2_FULL_D_FEBMAR_0000,4P__gamma_Z2_S2_FEBMAR__R0a__4P__gamma_Z2_S2_FULL_D_FEBMAR_0000,2023-01-20,2023-03-17,daily,18.980035255178784,16.96553291529902,2.0145023398797655,0.10613796617317135,10.613796617317135
EPlus,EPlus_4P_FEBMAR_gamma,EPlus,EnergyPlus,gamma,_gamma,LoD-2: $ihg^{2}_{1}$,LoD-2: $ihg^{2}_{1}$,O&M-1,sample_002,posterior__4P__gamma_Z2_S2_FEBMAR__4P__gamma_Z2_S2_FULL_D_FEBMAR_0001,4P__gamma_Z2_S2_FEBMAR__R0a__4P__gamma_Z2_S2_FULL_D_FEBMAR_0001,2023-01-20,2023-03-17,daily,18.124632953329293,16.569375665132036,1.5552572881972573,0.08580903636515154,8.580903636515155
EPlus,EPlus_4P_FEBMAR_gamma,EPlus,EnergyPlus,gamma,_gamma,LoD-2: $ihg^{2}_{1}$,LoD-2: $ihg^{2}_{1}$,O&M-1,sample_003,posterior__4P__gamma_Z2_S2_FEBMAR__4P__gamma_Z2_S2_FULL_D_FEBMAR_0002,4P__gamma_Z2_S2_FEBMAR__R0a__4P__gamma_Z2_S2_FULL_D_FEBMAR_0002,2023-01-20,2023-03-17,daily,21.346311845622807,19.260670408438493,2.0856414371843144,0.09770500179458345,9.770500179458345
EPlus,EPlus_4P_FEBMAR_gamma,EPlus,EnergyPlus,gamma,_gamma,LoD-2: $ihg^{2}_{1}$,LoD-2: $ihg^{2}_{1}$,O&M-1,sample_004,posterior__4P__gamma_Z2_S2_FEBMAR__4P__gamma_Z2_S2_FULL_D_FEBMAR_0003,4P__gamma_Z2_S2_FEBMAR__R0a__4P__gamma_Z2_S2_FULL_D_FEBMAR_0003,2023-01-20,2023-03-17,daily,20.12268697671954,18.27800800885139,1.8446789678681483,0.09167160280345789,9.167160280345788
EPlus,EPlus_4P_FEBMAR_gamma,EPlus,EnergyPlus,gamma,_gamma,LoD-2: $ihg^{2}_{1}$,LoD-2: $ihg^{2}_{1}$,O&M-1,sample_005,posterior__4P__gamma_Z2_S2_FEBMAR__4P__gamma_Z2_S2_FULL_D_FEBMAR_0004,4P__gamma_Z2_S2_FEBMAR__R0a__4P__gamma_Z2_S2_FULL_D_FEBMAR_0004,2023-01-20,2023-03-17,daily,21.206216311412454,18.94344199447404,2.2627743169384154,0.10670334979657206,10.670334979657206
EPlus,EPlus_4P_FEBMAR_gamma,EPlus,EnergyPlus,gamma,_gamma,LoD-2: $ihg^{2}_{1}$,LoD-2: $ihg^{2}_{1}$,O&M-1,sample_006,posterior__4P__gamma_Z2_S2_FEBMAR__4P__gamma_Z2_S2_FULL_D_FEBMAR_0005,4P__gamma_Z2_S2_FEBMAR__R0a__4P__gamma_Z2_S2_FULL_D_FEBMAR_0005,2023-01-20,2023-03-17,daily,19.472057405749062,17.687246366704606,1.784811039044456,0.09166011592167432,9.166011592167433
EPlus,EPlus_4P_FEBMAR_gamma,EPlus,EnergyPlus,gamma,_gamma,LoD-2: $ihg^{2}_{1}$,LoD-2: $ihg^{2}_{1}$,O&M-1,sample_007,posterior__4P__gamma_Z2_S2_FEBMAR__4P__gamma_Z2_S2_FULL_D_FEBMAR_0006,4P__gamma_Z2_S2_FEBMAR__R0a__4P__gamma_Z2_S2_FULL_D_FEBMAR_0006,2023-01-20,2023-03-17,daily,18.21861118483593,16.429850819242738,1.7887603655931912,0.09818313522613882,9.818313522613883
EPlus,EPlus_4P_FEBMAR_gamma,EPlus,EnergyPlus,gamma,_gamma,LoD-2: $ihg^{2}_{1}$,LoD-2: $ihg^{2}_{1}$,O&M-1,sample_008,posterior__4P__gamma_Z2_S2_FEBMAR__4P__gamma_Z2_S2_FULL_D_FEBMAR_0007,4P__gamma_Z2_S2_FEBMAR__R0a__4P__gamma_Z2_S2_FULL_D_FEBMAR_0007,2023-01-20,2023-03-17,daily,19.97976194649785,17.63725067020043,2.3425112762974187,0.11724420353807197,11.724420353807197
EPlus,EPlus_4P_FEBMAR_gamma,EPlus,EnergyPlus,gamma,_gamma,LoD-2: $ihg^{2}_{1}$,LoD-2: $ihg^{2}_{1}$,O&M-1,sample_009,posterior__4P__gamma_Z2_S2_FEBMAR__4P__gamma_Z2_S2_FULL_D_FEBMAR_0008,4P__gamma_Z2_S2_FEBMAR__R0a__4P__gamma_Z2_S2_FULL_D_FEBMAR_0008,2023-01-20,2023-03-17,daily,19.371417398176362,17.187327389983608,2.1840900081927543,0.11274807430448357,11.274807430448357
EPlus,EPlus_4P_FEBMAR_gamma,EPlus,EnergyPlus,gamma,_gamma,LoD-2: $ihg^{2}_{1}$,LoD-2: $ihg^{2}_{1}$,O&M-1,sample_010,posterior__4P__gamma_Z2_S2_FEBMAR__4P__gamma_Z2_S2_FULL_D_FEBMAR_0009,4P__gamma_Z2_S2_FEBMAR__R0a__4P__gamma_Z2_S2_FULL_D_FEBMAR_0009,2023-01-20,2023-03-17,daily,20.268704575891505,18.148455375352565,2.1202492005389395,0.10460704050424899,10.4607040504249
EPlus,EPlus_4P_FEBMAR_gamma,EPlus,EnergyPlus,gamma,_gamma,LoD-2: $ihg^{2}_{1}$,LoD-2: $ihg^{2}_{1}$,O&M-2,sample_001,posterior__4P__gamma_Z2_S2_FEBMAR__4P__gamma_Z2_S2_FULL_D_FEBMAR_0000,4P__gamma_Z2_S2_FEBMAR__R0d__4P__gamma_Z2_S2_FULL_D_FEBMAR_0000,2023-01-20,2023-03-17,daily,18.980035255178784,16.791552424281974,2.1884828308968096,0.11530446605991802,11.530446605991802
EPlus,EPlus_4P_FEBMAR_gamma,EPlus,EnergyPlus,gamma,_gamma,LoD-2: $ihg^{2}_{1}$,LoD-2: $ihg^{2}_{1}$,O&M-2,sample_002,posterior__4P__gamma_Z2_S2_FEBMAR__4P__gamma_Z2_S2_FULL_D_FEBMAR_0001,4P__gamma_Z2_S2_FEBMAR__R0d__4P__gamma_Z2_S2_FULL_D_FEBMAR_0001,2023-01-20,2023-03-17,daily,18.124632953329293,16.373423758383424,1.7512091949458686,0.09662039498704392,9.662039498704392
EPlus,EPlus_4P_FEBMAR_gamma,EPlus,EnergyPlus,gamma,_gamma,LoD-2: $ihg^{2}_{1}$,LoD-2: $ihg^{2}_{1}$,O&M-2,sample_003,posterior__4P__gamma_Z2_S2_FEBMAR__4P__gamma_Z2_S2_FULL_D_FEBMAR_0002,4P__gamma_Z2_S2_FEBMAR__R0d__4P__gamma_Z2_S2_FULL_D_FEBMAR_0002,2023-01-20,2023-03-17,daily,21.346311845622807,19.053174717311723,2.293137128311084,0.1074254487096002,10.742544870960021
EPlus,EPlus_4P_FEBMAR_gamma,EPlus,EnergyPlus,gamma,_gamma,LoD-2: $ihg^{2}_{1}$,LoD-2: $ihg^{2}_{1}$,O&M-2,sample_004,posterior__4P__gamma_Z2_S2_FEBMAR__4P__gamma_Z2_S2_FULL_D_FEBMAR_0003,4P__gamma_Z2_S2_FEBMAR__R0d__4P__gamma_Z2_S2_FULL_D_FEBMAR_0003,2023-01-20,2023-03-17,daily,20.12268697671954,18.076090983378737,2.0465959933408016,0.10170590019655734,10.170590019655734
EPlus,EPlus_4P_FEBMAR_gamma,EPlus,EnergyPlus,gamma,_gamma,LoD-2: $ihg^{2}_{1}$,LoD-2: $ihg^{2}_{1}$,O&M-2,sample_005,posterior__4P__gamma_Z2_S2_FEBMAR__4P__gamma_Z2_S2_FULL_D_FEBMAR_0004,4P__gamma_Z2_S2_FEBMAR__R0d__4P__gamma_Z2_S2_FULL_D_FEBMAR_0004,2023-01-20,2023-03-17,daily,21.206216311412454,18.74255747363046,2.4636588377819955,0.11617625707496623,11.617625707496623
EPlus,EPlus_4P_FEBMAR_gamma,EPlus,EnergyPlus,gamma,_gamma,LoD-2: $ihg^{2}_{1}$,LoD-2: $ihg^{2}_{1}$,O&M-2,sample_006,posterior__4P__gamma_Z2_S2_FEBMAR__4P__gamma_Z2_S2_FULL_D_FEBMAR_0005,4P__gamma_Z2_S2_FEBMAR__R0d__4P__gamma_Z2_S2_FULL_D_FEBMAR_0005,2023-01-20,2023-03-17,daily,19.472057405749062,17.515162592284618,1.9568948134644444,0.1004975885540825,10.04975885540825
EPlus,EPlus_4P_FEBMAR_gamma,EPlus,EnergyPlus,gamma,_gamma,LoD-2: $ihg^{2}_{1}$,LoD-2: $ihg^{2}_{1}$,O&M-2,sample_007,posterior__4P__gamma_Z2_S2_FEBMAR__4P__gamma_Z2_S2_FULL_D_FEBMAR_0006,4P__gamma_Z2_S2_FEBMAR__R0d__4P__gamma_Z2_S2_FULL_D_FEBMAR_0006,2023-01-20,2023-03-17,daily,18.21861118483593,16.263477076222436,1.9551341086134926,0.10731521128464655,10.731521128464655
EPlus,EPlus_4P_FEBMAR_gamma,EPlus,EnergyPlus,gamma,_gamma,LoD-2: $ihg^{2}_{1}$,LoD-2: $ihg^{2}_{1}$,O&M-2,sample_008,posterior__4P__gamma_Z2_S2_FEBMAR__4P__gamma_Z2_S2_FULL_D_FEBMAR_0007,4P__gamma_Z2_S2_FEBMAR__R0d__4P__gamma_Z2_S2_FULL_D_FEBMAR_0007,2023-01-20,2023-03-17,daily,19.97976194649785,17.46304418155214,2.51671776494571,0.12596335089902574,12.596335089902574
EPlus,EPlus_4P_FEBMAR_gamma,EPlus,EnergyPlus,gamma,_gamma,LoD-2: $ihg^{2}_{1}$,LoD-2: $ihg^{2}_{1}$,O&M-2,sample_009,posterior__4P__gamma_Z2_S2_FEBMAR__4P__gamma_Z2_S2_FULL_D_FEBMAR_0008,4P__gamma_Z2_S2_FEBMAR__R0d__4P__gamma_Z2_S2_FULL_D_FEBMAR_0008,2023-01-20,2023-03-17,daily,19.371417398176362,17.00772558778537,2.3636918103909927,0.12201955911669697,12.201955911669698
EPlus,EPlus_4P_FEBMAR_gamma,EPlus,EnergyPlus,gamma,_gamma,LoD-2: $ihg^{2}_{1}$,LoD-2: $ihg^{2}_{1}$,O&M-2,sample_010,posterior__4P__gamma_Z2_S2_FEBMAR__4P__gamma_Z2_S2_FULL_D_FEBMAR_0009,4P__gamma_Z2_S2_FEBMAR__R0d__4P__gamma_Z2_S2_FULL_D_FEBMAR_0009,2023-01-20,2023-03-17,daily,20.268704575891505,17.957579158398072,2.3111254174934324,0.11402432794064142,11.402432794064142
EPlus,EPlus_4P_FEBMAR_gamma,EPlus,EnergyPlus,gamma,_gamma,LoD-2: $ihg^{2}_{1}$,LoD-2: $ihg^{2}_{1}$,O&M-3,sample_001,posterior__4P__gamma_Z2_S2_FEBMAR__4P__gamma_Z2_S2_FULL_D_FEBMAR_0000,4P__gamma_Z2_S2_FEBMAR__R0b__4P__gamma_Z2_S2_FULL_D_FEBMAR_0000,2023-01-20,2023-03-17,daily,18.980035255178784,17.627844228611448,1.3521910265673363,0.07124280900365478,7.124280900365478
EPlus,EPlus_4P_FEBMAR_gamma,EPlus,EnergyPlus,gamma,_gamma,LoD-2: $ihg^{2}_{1}$,LoD-2: $ihg^{2}_{1}$,O&M-3,sample_002,posterior__4P__gamma_Z2_S2_FEBMAR__4P__gamma_Z2_S2_FULL_D_FEBMAR_0001,4P__gamma_Z2_S2_FEBMAR__R0b__4P__gamma_Z2_S2_FULL_D_FEBMAR_0001,2023-01-20,2023-03-17,daily,18.124632953329293,16.679446846921742,1.4451861064075509,0.07973602059301765,7.973602059301765
EPlus,EPlus_4P_FEBMAR_gamma,EPlus,EnergyPlus,gamma,_gamma,LoD-2: $ihg^{2}_{1}$,LoD-2: $ihg^{2}_{1}$,O&M-3,sample_003,posterior__4P__gamma_Z2_S2_FEBMAR__4P__gamma_Z2_S2_FULL_D_FEBMAR_0002,4P__gamma_Z2_S2_FEBMAR__R0b__4P__gamma_Z2_S2_FULL_D_FEBMAR_0002,2023-01-20,2023-03-17,daily,21.346311845622807,19.880350442601486,1.4659614030213213,0.06867516101250651,6.867516101250651
EPlus,EPlus_4P_FEBMAR_gamma,EPlus,EnergyPlus,gamma,_gamma,LoD-2: $ihg^{2}_{1}$,LoD-2: $ihg^{2}_{1}$,O&M-3,sample_004,posterior__4P__gamma_Z2_S2_FEBMAR__4P__gamma_Z2_S2_FULL_D_FEBMAR_0003,4P__gamma_Z2_S2_FEBMAR__R0b__4P__gamma_Z2_S2_FULL_D_FEBMAR_0003,2023-01-20,2023-03-17,daily,20.12268697671954,18.580333463310065,1.5423535134094735,0.07664749320972207,7.664749320972207
EPlus,EPlus_4P_FEBMAR_gamma,EPlus,EnergyPlus,gamma,_gamma,LoD-2: $ihg^{2}_{1}$,LoD-2: $ihg^{2}_{1}$,O&M-3,sample_005,posterior__4P__gamma_Z2_S2_FEBMAR__4P__gamma_Z2_S2_FULL_D_FEBMAR_0004,4P__gamma_Z2_S2_FEBMAR__R0b__4P__gamma_Z2_S2_FULL_D_FEBMAR_0004,2023-01-20,2023-03-17,daily,21.206216311412454,19.8149990073646,1.3912173040478528,0.06560422112166929,6.560422112166929
EPlus,EPlus_4P_FEBMAR_gamma,EPlus,EnergyPlus,gamma,_gamma,LoD-2: $ihg^{2}_{1}$,LoD-2: $ihg^{2}_{1}$,O&M-3,sample_006,posterior__4P__gamma_Z2_S2_FEBMAR__4P__gamma_Z2_S2_FULL_D_FEBMAR_0005,4P__gamma_Z2_S2_FEBMAR__R0b__4P__gamma_Z2_S2_FULL_D_FEBMAR_0005,2023-01-20,2023-03-17,daily,19.472057405749062,18.000776510348476,1.4712808954005858,0.0755585742555481,7.55585742555481
EPlus,EPlus_4P_FEBMAR_gamma,EPlus,EnergyPlus,gamma,_gamma,LoD-2: $ihg^{2}_{1}$,LoD-2: $ihg^{2}_{1}$,O&M-3,sample_007,posterior__4P__gamma_Z2_S2_FEBMAR__4P__gamma_Z2_S2_FULL_D_FEBMAR_0006,4P__gamma_Z2_S2_FEBMAR__R0b__4P__gamma_Z2_S2_FULL_D_FEBMAR_0006,2023-01-20,2023-03-17,daily,18.21861118483593,16.958804425866653,1.259806758969276,0.069149439888034,6.9149439888034
EPlus,EPlus_4P_FEBMAR_gamma,EPlus,EnergyPlus,gamma,_gamma,LoD-2: $ihg^{2}_{1}$,LoD-2: $ihg^{2}_{1}$,O&M-3,sample_008,posterior__4P__gamma_Z2_S2_FEBMAR__4P__gamma_Z2_S2_FULL_D_FEBMAR_0007,4P__gamma_Z2_S2_FEBMAR__R0b__4P__gamma_Z2_S2_FULL_D_FEBMAR_0007,2023-01-20,2023-03-17,daily,19.97976194649785,18.624206393618422,1.3555555528794265,0.06784643162963386,6.784643162963386
EPlus,EPlus_4P_FEBMAR_gamma,EPlus,EnergyPlus,gamma,_gamma,LoD-2: $ihg^{2}_{1}$,LoD-2: $ihg^{2}_{1}$,O&M-3,sample_009,posterior__4P__gamma_Z2_S2_FEBMAR__4P__gamma_Z2_S2_FULL_D_FEBMAR_0008,4P__gamma_Z2_S2_FEBMAR__R0b__4P__gamma_Z2_S2_FULL_D_FEBMAR_0008,2023-01-20,2023-03-17,daily,19.371417398176362,18.103388608045577,1.268028790130785,0.0654587511108071,6.54587511108071
EPlus,EPlus_4P_FEBMAR_gamma,EPlus,EnergyPlus,gamma,_gamma,LoD-2: $ihg^{2}_{1}$,LoD-2: $ihg^{2}_{1}$,O&M-3,sample_010,posterior__4P__gamma_Z2_S2_FEBMAR__4P__gamma_Z2_S2_FULL_D_FEBMAR_0009,4P__gamma_Z2_S2_FEBMAR__R0b__4P__gamma_Z2_S2_FULL_D_FEBMAR_0009,2023-01-20,2023-03-17,daily,20.268704575891505,18.879914463455606,1.388790112435899,0.06851893801283124,6.851893801283124
EPlus,EPlus_4P_FEBMAR_gamma,EPlus,EnergyPlus,gamma,_gamma,LoD-2: $ihg^{2}_{1}$,LoD-2: $ihg^{2}_{1}$,O&M-4,sample_001,posterior__4P__gamma_Z2_S2_FEBMAR__4P__gamma_Z2_S2_FULL_D_FEBMAR_0000,4P__gamma_Z2_S2_FEBMAR__R2b__4P__gamma_Z2_S2_FULL_D_FEBMAR_0000,2023-01-20,2023-03-17,daily,18.980035255178784,17.587218785616567,1.3928164695622165,0.0733832393268174,7.33832393268174
EPlus,EPlus_4P_FEBMAR_gamma,EPlus,EnergyPlus,gamma,_gamma,LoD-2: $ihg^{2}_{1}$,LoD-2: $ihg^{2}_{1}$,O&M-4,sample_002,posterior__4P__gamma_Z2_S2_FEBMAR__4P__gamma_Z2_S2_FULL_D_FEBMAR_0001,4P__gamma_Z2_S2_FEBMAR__R2b__4P__gamma_Z2_S2_FULL_D_FEBMAR_0001,2023-01-20,2023-03-17,daily,18.124632953329293,16.589568019267155,1.535064934062138,0.08469495288621355,8.469495288621355
EPlus,EPlus_4P_FEBMAR_gamma,EPlus,EnergyPlus,gamma,_gamma,LoD-2: $ihg^{2}_{1}$,LoD-2: $ihg^{2}_{1}$,O&M-4,sample_003,posterior__4P__gamma_Z2_S2_FEBMAR__4P__gamma_Z2_S2_FULL_D_FEBMAR_0002,4P__gamma_Z2_S2_FEBMAR__R2b__4P__gamma_Z2_S2_FULL_D_FEBMAR_0002,2023-01-20,2023-03-17,daily,21.346311845622807,19.814549589858988,1.5317622557638195,0.07175770066705536,7.175770066705536
EPlus,EPlus_4P_FEBMAR_gamma,EPlus,EnergyPlus,gamma,_gamma,LoD-2: $ihg^{2}_{1}$,LoD-2: $ihg^{2}_{1}$,O&M-4,sample_004,posterior__4P__gamma_Z2_S2_FEBMAR__4P__gamma_Z2_S2_FULL_D_FEBMAR_0003,4P__gamma_Z2_S2_FEBMAR__R2b__4P__gamma_Z2_S2_FULL_D_FEBMAR_0003,2023-01-20,2023-03-17,daily,20.12268697671954,18.505858481589055,1.616828495130484,0.08034853879111846,8.034853879111846
EPlus,EPlus_4P_FEBMAR_gamma,EPlus,EnergyPlus,gamma,_gamma,LoD-2: $ihg^{2}_{1}$,LoD-2: $ihg^{2}_{1}$,O&M-4,sample_005,posterior__4P__gamma_Z2_S2_FEBMAR__4P__gamma_Z2_S2_FULL_D_FEBMAR_0004,4P__gamma_Z2_S2_FEBMAR__R2b__4P__gamma_Z2_S2_FULL_D_FEBMAR_0004,2023-01-20,2023-03-17,daily,21.206216311412454,19.763663704884703,1.4425526065277516,0.06802498783111156,6.802498783111156
EPlus,EPlus_4P_FEBMAR_gamma,EPlus,EnergyPlus,gamma,_gamma,LoD-2: $ihg^{2}_{1}$,LoD-2: $ihg^{2}_{1}$,O&M-4,sample_006,posterior__4P__gamma_Z2_S2_FEBMAR__4P__gamma_Z2_S2_FULL_D_FEBMAR_0005,4P__gamma_Z2_S2_FEBMAR__R2b__4P__gamma_Z2_S2_FULL_D_FEBMAR_0005,2023-01-20,2023-03-17,daily,19.472057405749062,17.949067149508185,1.5229902562408775,0.07821414165465738,7.821414165465739
EPlus,EPlus_4P_FEBMAR_gamma,EPlus,EnergyPlus,gamma,_gamma,LoD-2: $ihg^{2}_{1}$,LoD-2: $ihg^{2}_{1}$,O&M-4,sample_007,posterior__4P__gamma_Z2_S2_FEBMAR__4P__gamma_Z2_S2_FULL_D_FEBMAR_0006,4P__gamma_Z2_S2_FEBMAR__R2b__4P__gamma_Z2_S2_FULL_D_FEBMAR_0006,2023-01-20,2023-03-17,daily,18.21861118483593,16.909327504555794,1.309283680280135,0.07186517495745799,7.186517495745799
EPlus,EPlus_4P_FEBMAR_gamma,EPlus,EnergyPlus,gamma,_gamma,LoD-2: $ihg^{2}_{1}$,LoD-2: $ihg^{2}_{1}$,O&M-4,sample_008,posterior__4P__gamma_Z2_S2_FEBMAR__4P__gamma_Z2_S2_FULL_D_FEBMAR_0007,4P__gamma_Z2_S2_FEBMAR__R2b__4P__gamma_Z2_S2_FULL_D_FEBMAR_0007,2023-01-20,2023-03-17,daily,19.97976194649785,18.596018114747118,1.3837438317507313,0.06925727320756596,6.925727320756596
EPlus,EPlus_4P_FEBMAR_gamma,EPlus,EnergyPlus,gamma,_gamma,LoD-2: $ihg^{2}_{1}$,LoD-2: $ihg^{2}_{1}$,O&M-4,sample_009,posterior__4P__gamma_Z2_S2_FEBMAR__4P__gamma_Z2_S2_FULL_D_FEBMAR_0008,4P__gamma_Z2_S2_FEBMAR__R2b__4P__gamma_Z2_S2_FULL_D_FEBMAR_0008,2023-01-20,2023-03-17,daily,19.371417398176362,18.0641050413915,1.3073123567848626,0.0674866650133683,6.748666501336829
EPlus,EPlus_4P_FEBMAR_gamma,EPlus,EnergyPlus,gamma,_gamma,LoD-2: $ihg^{2}_{1}$,LoD-2: $ihg^{2}_{1}$,O&M-4,sample_010,posterior__4P__gamma_Z2_S2_FEBMAR__4P__gamma_Z2_S2_FULL_D_FEBMAR_0009,4P__gamma_Z2_S2_FEBMAR__R2b__4P__gamma_Z2_S2_FULL_D_FEBMAR_0009,2023-01-20,2023-03-17,daily,20.268704575891505,18.830138090202034,1.4385664856894707,0.07097476211679385,7.097476211679385
EPlus,EPlus_4P_FEBMAR_gamma,EPlus,EnergyPlus,gamma,_gamma,LoD-2: $ihg^{2}_{1}$,LoD-2: $ihg^{2}_{1}$,O&M-5,sample_001,posterior__4P__gamma_Z2_S2_FEBMAR__4P__gamma_Z2_S2_FULL_D_FEBMAR_0000,4P__gamma_Z2_S2_FEBMAR__R2y__4P__gamma_Z2_S2_FULL_D_FEBMAR_0000,2023-01-20,2023-03-17,daily,18.980035255178784,14.552291258708797,4.427743996469987,0.2332842872492483,23.32842872492483
EPlus,EPlus_4P_FEBMAR_gamma,EPlus,EnergyPlus,gamma,_gamma,LoD-2: $ihg^{2}_{1}$,LoD-2: $ihg^{2}_{1}$,O&M-5,sample_002,posterior__4P__gamma_Z2_S2_FEBMAR__4P__gamma_Z2_S2_FULL_D_FEBMAR_0001,4P__gamma_Z2_S2_FEBMAR__R2y__4P__gamma_Z2_S2_FULL_D_FEBMAR_0001,2023-01-20,2023-03-17,daily,18.124632953329293,13.702626454514384,4.422006498814909,0.2439777131046748,24.39777131046748
EPlus,EPlus_4P_FEBMAR_gamma,EPlus,EnergyPlus,gamma,_gamma,LoD-2: $ihg^{2}_{1}$,LoD-2: $ihg^{2}_{1}$,O&M-5,sample_003,posterior__4P__gamma_Z2_S2_FEBMAR__4P__gamma_Z2_S2_FULL_D_FEBMAR_0002,4P__gamma_Z2_S2_FEBMAR__R2y__4P__gamma_Z2_S2_FULL_D_FEBMAR_0002,2023-01-20,2023-03-17,daily,21.346311845622807,16.11838382846985,5.2279280171529585,0.24491013037575282,24.491013037575282
EPlus,EPlus_4P_FEBMAR_gamma,EPlus,EnergyPlus,gamma,_gamma,LoD-2: $ihg^{2}_{1}$,LoD-2: $ihg^{2}_{1}$,O&M-5,sample_004,posterior__4P__gamma_Z2_S2_FEBMAR__4P__gamma_Z2_S2_FULL_D_FEBMAR_0003,4P__gamma_Z2_S2_FEBMAR__R2y__4P__gamma_Z2_S2_FULL_D_FEBMAR_0003,2023-01-20,2023-03-17,daily,20.12268697671954,15.349282003746248,4.773404972973291,0.23721508854636397,23.721508854636397
EPlus,EPlus_4P_FEBMAR_gamma,EPlus,EnergyPlus,gamma,_gamma,LoD-2: $ihg^{2}_{1}$,LoD-2: $ihg^{2}_{1}$,O&M-5,sample_005,posterior__4P__gamma_Z2_S2_FEBMAR__4P__gamma_Z2_S2_FULL_D_FEBMAR_0004,4P__gamma_Z2_S2_FEBMAR__R2y__4P__gamma_Z2_S2_FULL_D_FEBMAR_0004,2023-01-20,2023-03-17,daily,21.206216311412454,16.177589997199266,5.028626314213188,0.23712982270707833,23.712982270707833
EPlus,EPlus_4P_FEBMAR_gamma,EPlus,EnergyPlus,gamma,_gamma,LoD-2: $ihg^{2}_{1}$,LoD-2: $ihg^{2}_{1}$,O&M-5,sample_006,posterior__4P__gamma_Z2_S2_FEBMAR__4P__gamma_Z2_S2_FULL_D_FEBMAR_0005,4P__gamma_Z2_S2_FEBMAR__R2y__4P__gamma_Z2_S2_FULL_D_FEBMAR_0005,2023-01-20,2023-03-17,daily,19.472057405749062,14.680873997523074,4.791183408225988,0.2460542976219558,24.60542976219558
EPlus,EPlus_4P_FEBMAR_gamma,EPlus,EnergyPlus,gamma,_gamma,LoD-2: $ihg^{2}_{1}$,LoD-2: $ihg^{2}_{1}$,O&M-5,sample_007,posterior__4P__gamma_Z2_S2_FEBMAR__4P__gamma_Z2_S2_FULL_D_FEBMAR_0006,4P__gamma_Z2_S2_FEBMAR__R2y__4P__gamma_Z2_S2_FULL_D_FEBMAR_0006,2023-01-20,2023-03-17,daily,18.21861118483593,13.5298875255977,4.68872365923823,0.257359005671126,25.7359005671126
EPlus,EPlus_4P_FEBMAR_gamma,EPlus,EnergyPlus,gamma,_gamma,LoD-2: $ihg^{2}_{1}$,LoD-2: $ihg^{2}_{1}$,O&M-5,sample_008,posterior__4P__gamma_Z2_S2_FEBMAR__4P__gamma_Z2_S2_FULL_D_FEBMAR_0007,4P__gamma_Z2_S2_FEBMAR__R2y__4P__gamma_Z2_S2_FULL_D_FEBMAR_0007,2023-01-20,2023-03-17,daily,19.97976194649785,15.561549159759641,4.4182127867382075,0.22113440583373184,22.113440583373183
EPlus,EPlus_4P_FEBMAR_gamma,EPlus,EnergyPlus,gamma,_gamma,LoD-2: $ihg^{2}_{1}$,LoD-2: $ihg^{2}_{1}$,O&M-5,sample_009,posterior__4P__gamma_Z2_S2_FEBMAR__4P__gamma_Z2_S2_FULL_D_FEBMAR_0008,4P__gamma_Z2_S2_FEBMAR__R2y__4P__gamma_Z2_S2_FULL_D_FEBMAR_0008,2023-01-20,2023-03-17,daily,19.371417398176362,14.81106078924997,4.5603566089263925,0.2354167748899834,23.54167748899834
EPlus,EPlus_4P_FEBMAR_gamma,EPlus,EnergyPlus,gamma,_gamma,LoD-2: $ihg^{2}_{1}$,LoD-2: $ihg^{2}_{1}$,O&M-5,sample_010,posterior__4P__gamma_Z2_S2_FEBMAR__4P__gamma_Z2_S2_FULL_D_FEBMAR_0009,4P__gamma_Z2_S2_FEBMAR__R2y__4P__gamma_Z2_S2_FULL_D_FEBMAR_0009,2023-01-20,2023-03-17,daily,20.268704575891505,15.457056321792146,4.811648254099358,0.23739298365533168,23.739298365533166
EPlus,EPlus_4P_FEBMAR_yearly,EPlus,EnergyPlus,yearly,bY,LoD-3: $ihg^{3}_{1}$,LoD-3: $ihg^{3}_{1}$,O&M-6,sample_001,posterior__4P_bY_Z2_S2_FEBMAR__4P_bY_Z2_S2_FULL_D_FEBMAR_0000,4P_bY_Z2_S2_FEBMAR__R2a__4P_bY_Z2_S2_FULL_D_FEBMAR_0000,2023-01-20,2023-03-17,daily,20.539090820992453,18.53154115145422,2.007549669538232,0.09774286929421284,9.774286929421285
EPlus,EPlus_4P_FEBMAR_yearly,EPlus,EnergyPlus,yearly,bY,LoD-3: $ihg^{3}_{1}$,LoD-3: $ihg^{3}_{1}$,O&M-6,sample_002,posterior__4P_bY_Z2_S2_FEBMAR__4P_bY_Z2_S2_FULL_D_FEBMAR_0001,4P_bY_Z2_S2_FEBMAR__R2a__4P_bY_Z2_S2_FULL_D_FEBMAR_0001,2023-01-20,2023-03-17,daily,17.47106810825433,15.33495133354556,2.1361167747087695,0.12226595199978335,12.226595199978336
EPlus,EPlus_4P_FEBMAR_yearly,EPlus,EnergyPlus,yearly,bY,LoD-3: $ihg^{3}_{1}$,LoD-3: $ihg^{3}_{1}$,O&M-6,sample_003,posterior__4P_bY_Z2_S2_FEBMAR__4P_bY_Z2_S2_FULL_D_FEBMAR_0002,4P_bY_Z2_S2_FEBMAR__R2a__4P_bY_Z2_S2_FULL_D_FEBMAR_0002,2023-01-20,2023-03-17,daily,16.815656078842355,15.204350796253975,1.611305282588381,0.0958217315478843,9.58217315478843
EPlus,EPlus_4P_FEBMAR_yearly,EPlus,EnergyPlus,yearly,bY,LoD-3: $ihg^{3}_{1}$,LoD-3: $ihg^{3}_{1}$,O&M-6,sample_004,posterior__4P_bY_Z2_S2_FEBMAR__4P_bY_Z2_S2_FULL_D_FEBMAR_0003,4P_bY_Z2_S2_FEBMAR__R2a__4P_bY_Z2_S2_FULL_D_FEBMAR_0003,2023-01-20,2023-03-17,daily,18.466214614347162,16.132635862443557,2.3335787519036053,0.1263701738899185,12.63701738899185
EPlus,EPlus_4P_FEBMAR_yearly,EPlus,EnergyPlus,yearly,bY,LoD-3: $ihg^{3}_{1}$,LoD-3: $ihg^{3}_{1}$,O&M-6,sample_005,posterior__4P_bY_Z2_S2_FEBMAR__4P_bY_Z2_S2_FULL_D_FEBMAR_0004,4P_bY_Z2_S2_FEBMAR__R2a__4P_bY_Z2_S2_FULL_D_FEBMAR_0004,2023-01-20,2023-03-17,daily,17.940870057440307,16.08087400406898,1.8599960533713258,0.103673681790029,10.3673681790029
EPlus,EPlus_4P_FEBMAR_yearly,EPlus,EnergyPlus,yearly,bY,LoD-3: $ihg^{3}_{1}$,LoD-3: $ihg^{3}_{1}$,O&M-6,sample_006,posterior__4P_bY_Z2_S2_FEBMAR__4P_bY_Z2_S2_FULL_D_FEBMAR_0005,4P_bY_Z2_S2_FEBMAR__R2a__4P_bY_Z2_S2_FULL_D_FEBMAR_0005,2023-01-20,2023-03-17,daily,20.82311845700944,17.7111426198209,3.111975837188538,0.1494481166984377,14.94481166984377
EPlus,EPlus_4P_FEBMAR_yearly,EPlus,EnergyPlus,yearly,bY,LoD-3: $ihg^{3}_{1}$,LoD-3: $ihg^{3}_{1}$,O&M-6,sample_007,posterior__4P_bY_Z2_S2_FEBMAR__4P_bY_Z2_S2_FULL_D_FEBMAR_0006,4P_bY_Z2_S2_FEBMAR__R2a__4P_bY_Z2_S2_FULL_D_FEBMAR_0006,2023-01-20,2023-03-17,daily,19.631746776191342,17.655991221668657,1.975755554522685,0.10064084347903307,10.064084347903307
EPlus,EPlus_4P_FEBMAR_yearly,EPlus,EnergyPlus,yearly,bY,LoD-3: $ihg^{3}_{1}$,LoD-3: $ihg^{3}_{1}$,O&M-6,sample_008,posterior__4P_bY_Z2_S2_FEBMAR__4P_bY_Z2_S2_FULL_D_FEBMAR_0007,4P_bY_Z2_S2_FEBMAR__R2a__4P_bY_Z2_S2_FULL_D_FEBMAR_0007,2023-01-20,2023-03-17,daily,17.889765186320965,15.685915782758316,2.203849403562648,0.12319051595197994,12.319051595197994
EPlus,EPlus_4P_FEBMAR_yearly,EPlus,EnergyPlus,yearly,bY,LoD-3: $ihg^{3}_{1}$,LoD-3: $ihg^{3}_{1}$,O&M-6,sample_009,posterior__4P_bY_Z2_S2_FEBMAR__4P_bY_Z2_S2_FULL_D_FEBMAR_0008,4P_bY_Z2_S2_FEBMAR__R2a__4P_bY_Z2_S2_FULL_D_FEBMAR_0008,2023-01-20,2023-03-17,daily,17.55458493974767,16.527053214303255,1.0275317254444154,0.058533524373899845,5.853352437389985
EPlus,EPlus_4P_FEBMAR_yearly,EPlus,EnergyPlus,yearly,bY,LoD-3: $ihg^{3}_{1}$,LoD-3: $ihg^{3}_{1}$,O&M-6,sample_010,posterior__4P_bY_Z2_S2_FEBMAR__4P_bY_Z2_S2_FULL_D_FEBMAR_0009,4P_bY_Z2_S2_FEBMAR__R2a__4P_bY_Z2_S2_FULL_D_FEBMAR_0009,2023-01-20,2023-03-17,daily,21.757302923063424,18.514887090423965,3.242415832639459,0.14902655187111433,14.902655187111433
EPlus,EPlus_4P_FEBMAR_yearly,EPlus,EnergyPlus,yearly,bY,LoD-3: $ihg^{3}_{1}$,LoD-3: $ihg^{3}_{1}$,O&M-1,sample_001,posterior__4P_bY_Z2_S2_FEBMAR__4P_bY_Z2_S2_FULL_D_FEBMAR_0000,4P_bY_Z2_S2_FEBMAR__R0a__4P_bY_Z2_S2_FULL_D_FEBMAR_0000,2023-01-20,2023-03-17,daily,20.539090820992453,15.88882089021876,4.6502699307736926,0.22641070003063507,22.641070003063508
EPlus,EPlus_4P_FEBMAR_yearly,EPlus,EnergyPlus,yearly,bY,LoD-3: $ihg^{3}_{1}$,LoD-3: $ihg^{3}_{1}$,O&M-1,sample_002,posterior__4P_bY_Z2_S2_FEBMAR__4P_bY_Z2_S2_FULL_D_FEBMAR_0001,4P_bY_Z2_S2_FEBMAR__R0a__4P_bY_Z2_S2_FULL_D_FEBMAR_0001,2023-01-20,2023-03-17,daily,17.47106810825433,15.6315706297108,1.839497478543528,0.1052882094641051,10.528820946410509
EPlus,EPlus_4P_FEBMAR_yearly,EPlus,EnergyPlus,yearly,bY,LoD-3: $ihg^{3}_{1}$,LoD-3: $ihg^{3}_{1}$,O&M-1,sample_003,posterior__4P_bY_Z2_S2_FEBMAR__4P_bY_Z2_S2_FULL_D_FEBMAR_0002,4P_bY_Z2_S2_FEBMAR__R0a__4P_bY_Z2_S2_FULL_D_FEBMAR_0002,2023-01-20,2023-03-17,daily,16.815656078842355,14.813382751143845,2.0022733276985107,0.1190719718761252,11.90719718761252
EPlus,EPlus_4P_FEBMAR_yearly,EPlus,EnergyPlus,yearly,bY,LoD-3: $ihg^{3}_{1}$,LoD-3: $ihg^{3}_{1}$,O&M-1,sample_004,posterior__4P_bY_Z2_S2_FEBMAR__4P_bY_Z2_S2_FULL_D_FEBMAR_0003,4P_bY_Z2_S2_FEBMAR__R0a__4P_bY_Z2_S2_FULL_D_FEBMAR_0003,2023-01-20,2023-03-17,daily,18.466214614347162,16.389463511032485,2.0767511033146775,0.11246219903136856,11.246219903136856
EPlus,EPlus_4P_FEBMAR_yearly,EPlus,EnergyPlus,yearly,bY,LoD-3: $ihg^{3}_{1}$,LoD-3: $ihg^{3}_{1}$,O&M-1,sample_005,posterior__4P_bY_Z2_S2_FEBMAR__4P_bY_Z2_S2_FULL_D_FEBMAR_0004,4P_bY_Z2_S2_FEBMAR__R0a__4P_bY_Z2_S2_FULL_D_FEBMAR_0004,2023-01-20,2023-03-17,daily,17.940870057440307,15.493303419818988,2.4475666376213194,0.13642407696979458,13.642407696979458
EPlus,EPlus_4P_FEBMAR_yearly,EPlus,EnergyPlus,yearly,bY,LoD-3: $ihg^{3}_{1}$,LoD-3: $ihg^{3}_{1}$,O&M-1,sample_006,posterior__4P_bY_Z2_S2_FEBMAR__4P_bY_Z2_S2_FULL_D_FEBMAR_0005,4P_bY_Z2_S2_FEBMAR__R0a__4P_bY_Z2_S2_FULL_D_FEBMAR_0005,2023-01-20,2023-03-17,daily,20.82311845700944,16.936050590622212,3.887067866387227,0.18667078489767555,18.667078489767555
EPlus,EPlus_4P_FEBMAR_yearly,EPlus,EnergyPlus,yearly,bY,LoD-3: $ihg^{3}_{1}$,LoD-3: $ihg^{3}_{1}$,O&M-1,sample_007,posterior__4P_bY_Z2_S2_FEBMAR__4P_bY_Z2_S2_FULL_D_FEBMAR_0006,4P_bY_Z2_S2_FEBMAR__R0a__4P_bY_Z2_S2_FULL_D_FEBMAR_0006,2023-01-20,2023-03-17,daily,19.631746776191342,15.925363820916079,3.706382955275263,0.18879537300115481,18.87953730011548
EPlus,EPlus_4P_FEBMAR_yearly,EPlus,EnergyPlus,yearly,bY,LoD-3: $ihg^{3}_{1}$,LoD-3: $ihg^{3}_{1}$,O&M-1,sample_008,posterior__4P_bY_Z2_S2_FEBMAR__4P_bY_Z2_S2_FULL_D_FEBMAR_0007,4P_bY_Z2_S2_FEBMAR__R0a__4P_bY_Z2_S2_FULL_D_FEBMAR_0007,2023-01-20,2023-03-17,daily,17.889765186320965,16.179752742529512,1.7100124437914523,0.09558607538901503,9.558607538901503
EPlus,EPlus_4P_FEBMAR_yearly,EPlus,EnergyPlus,yearly,bY,LoD-3: $ihg^{3}_{1}$,LoD-3: $ihg^{3}_{1}$,O&M-1,sample_009,posterior__4P_bY_Z2_S2_FEBMAR__4P_bY_Z2_S2_FULL_D_FEBMAR_0008,4P_bY_Z2_S2_FEBMAR__R0a__4P_bY_Z2_S2_FULL_D_FEBMAR_0008,2023-01-20,2023-03-17,daily,17.55458493974767,14.779028496330714,2.7755564434169564,0.15811005802435407,15.811005802435407
EPlus,EPlus_4P_FEBMAR_yearly,EPlus,EnergyPlus,yearly,bY,LoD-3: $ihg^{3}_{1}$,LoD-3: $ihg^{3}_{1}$,O&M-1,sample_010,posterior__4P_bY_Z2_S2_FEBMAR__4P_bY_Z2_S2_FULL_D_FEBMAR_0009,4P_bY_Z2_S2_FEBMAR__R0a__4P_bY_Z2_S2_FULL_D_FEBMAR_0009,2023-01-20,2023-03-17,daily,21.757302923063424,17.316947625124797,4.440355297938627,0.2040857414009579,20.40857414009579
EPlus,EPlus_4P_FEBMAR_yearly,EPlus,EnergyPlus,yearly,bY,LoD-3: $ihg^{3}_{1}$,LoD-3: $ihg^{3}_{1}$,O&M-2,sample_001,posterior__4P_bY_Z2_S2_FEBMAR__4P_bY_Z2_S2_FULL_D_FEBMAR_0000,4P_bY_Z2_S2_FEBMAR__R0d__4P_bY_Z2_S2_FULL_D_FEBMAR_0000,2023-01-20,2023-03-17,daily,20.539090820992453,15.646581470397132,4.89250935059532,0.23820476735001425,23.820476735001424
EPlus,EPlus_4P_FEBMAR_yearly,EPlus,EnergyPlus,yearly,bY,LoD-3: $ihg^{3}_{1}$,LoD-3: $ihg^{3}_{1}$,O&M-2,sample_002,posterior__4P_bY_Z2_S2_FEBMAR__4P_bY_Z2_S2_FULL_D_FEBMAR_0001,4P_bY_Z2_S2_FEBMAR__R0d__4P_bY_Z2_S2_FULL_D_FEBMAR_0001,2023-01-20,2023-03-17,daily,17.47106810825433,15.386989084982666,2.084079023271663,0.11928744197883501,11.9287441978835
EPlus,EPlus_4P_FEBMAR_yearly,EPlus,EnergyPlus,yearly,bY,LoD-3: $ihg^{3}_{1}$,LoD-3: $ihg^{3}_{1}$,O&M-2,sample_003,posterior__4P_bY_Z2_S2_FEBMAR__4P_bY_Z2_S2_FULL_D_FEBMAR_0002,4P_bY_Z2_S2_FEBMAR__R0d__4P_bY_Z2_S2_FULL_D_FEBMAR_0002,2023-01-20,2023-03-17,daily,16.815656078842355,14.531316659414255,2.2843394194281004,0.1358459883288337,13.584598832883371
EPlus,EPlus_4P_FEBMAR_yearly,EPlus,EnergyPlus,yearly,bY,LoD-3: $ihg^{3}_{1}$,LoD-3: $ihg^{3}_{1}$,O&M-2,sample_004,posterior__4P_bY_Z2_S2_FEBMAR__4P_bY_Z2_S2_FULL_D_FEBMAR_0003,4P_bY_Z2_S2_FEBMAR__R0d__4P_bY_Z2_S2_FULL_D_FEBMAR_0003,2023-01-20,2023-03-17,daily,18.466214614347162,16.15736400647126,2.308850607875904,0.12503107193837457,12.503107193837456
EPlus,EPlus_4P_FEBMAR_yearly,EPlus,EnergyPlus,yearly,bY,LoD-3: $ihg^{3}_{1}$,LoD-3: $ihg^{3}_{1}$,O&M-2,sample_005,posterior__4P_bY_Z2_S2_FEBMAR__4P_bY_Z2_S2_FULL_D_FEBMAR_0004,4P_bY_Z2_S2_FEBMAR__R0d__4P_bY_Z2_S2_FULL_D_FEBMAR_0004,2023-01-20,2023-03-17,daily,17.940870057440307,15.23657713641749,2.7042929210228177,0.1507336551886631,15.07336551886631
EPlus,EPlus_4P_FEBMAR_yearly,EPlus,EnergyPlus,yearly,bY,LoD-3: $ihg^{3}_{1}$,LoD-3: $ihg^{3}_{1}$,O&M-2,sample_006,posterior__4P_bY_Z2_S2_FEBMAR__4P_bY_Z2_S2_FULL_D_FEBMAR_0005,4P_bY_Z2_S2_FEBMAR__R0d__4P_bY_Z2_S2_FULL_D_FEBMAR_0005,2023-01-20,2023-03-17,daily,20.82311845700944,16.742884612238,4.080233844771438,0.19594730026606355,19.594730026606356
EPlus,EPlus_4P_FEBMAR_yearly,EPlus,EnergyPlus,yearly,bY,LoD-3: $ihg^{3}_{1}$,LoD-3: $ihg^{3}_{1}$,O&M-2,sample_007,posterior__4P_bY_Z2_S2_FEBMAR__4P_bY_Z2_S2_FULL_D_FEBMAR_0006,4P_bY_Z2_S2_FEBMAR__R0d__4P_bY_Z2_S2_FULL_D_FEBMAR_0006,2023-01-20,2023-03-17,daily,19.631746776191342,15.68090891972149,3.9508378564698514,0.2012473928841259,20.12473928841259
EPlus,EPlus_4P_FEBMAR_yearly,EPlus,EnergyPlus,yearly,bY,LoD-3: $ihg^{3}_{1}$,LoD-3: $ihg^{3}_{1}$,O&M-2,sample_008,posterior__4P_bY_Z2_S2_FEBMAR__4P_bY_Z2_S2_FULL_D_FEBMAR_0007,4P_bY_Z2_S2_FEBMAR__R0d__4P_bY_Z2_S2_FULL_D_FEBMAR_0007,2023-01-20,2023-03-17,daily,17.889765186320965,15.936874109257325,1.95289107706364,0.10916247679745274,10.916247679745274
EPlus,EPlus_4P_FEBMAR_yearly,EPlus,EnergyPlus,yearly,bY,LoD-3: $ihg^{3}_{1}$,LoD-3: $ihg^{3}_{1}$,O&M-2,sample_009,posterior__4P_bY_Z2_S2_FEBMAR__4P_bY_Z2_S2_FULL_D_FEBMAR_0008,4P_bY_Z2_S2_FEBMAR__R0d__4P_bY_Z2_S2_FULL_D_FEBMAR_0008,2023-01-20,2023-03-17,daily,17.55458493974767,14.449773813002974,3.1048111267446963,0.17686610862069888,17.686610862069887
EPlus,EPlus_4P_FEBMAR_yearly,EPlus,EnergyPlus,yearly,bY,LoD-3: $ihg^{3}_{1}$,LoD-3: $ihg^{3}_{1}$,O&M-2,sample_010,posterior__4P_bY_Z2_S2_FEBMAR__4P_bY_Z2_S2_FULL_D_FEBMAR_0009,4P_bY_Z2_S2_FEBMAR__R0d__4P_bY_Z2_S2_FULL_D_FEBMAR_0009,2023-01-20,2023-03-17,daily,21.757302923063424,17.130524525683043,4.626778397380381,0.21265404143800612,21.265404143800613
EPlus,EPlus_4P_FEBMAR_yearly,EPlus,EnergyPlus,yearly,bY,LoD-3: $ihg^{3}_{1}$,LoD-3: $ihg^{3}_{1}$,O&M-3,sample_001,posterior__4P_bY_Z2_S2_FEBMAR__4P_bY_Z2_S2_FULL_D_FEBMAR_0000,4P_bY_Z2_S2_FEBMAR__R0b__4P_bY_Z2_S2_FULL_D_FEBMAR_0000,2023-01-20,2023-03-17,daily,20.539090820992453,19.097696539846158,1.4413942811462945,0.07017809569609013,7.017809569609012
EPlus,EPlus_4P_FEBMAR_yearly,EPlus,EnergyPlus,yearly,bY,LoD-3: $ihg^{3}_{1}$,LoD-3: $ihg^{3}_{1}$,O&M-3,sample_002,posterior__4P_bY_Z2_S2_FEBMAR__4P_bY_Z2_S2_FULL_D_FEBMAR_0001,4P_bY_Z2_S2_FEBMAR__R0b__4P_bY_Z2_S2_FULL_D_FEBMAR_0001,2023-01-20,2023-03-17,daily,17.47106810825433,16.15477747756578,1.316290630688549,0.0753411653215786,7.53411653215786
EPlus,EPlus_4P_FEBMAR_yearly,EPlus,EnergyPlus,yearly,bY,LoD-3: $ihg^{3}_{1}$,LoD-3: $ihg^{3}_{1}$,O&M-3,sample_003,posterior__4P_bY_Z2_S2_FEBMAR__4P_bY_Z2_S2_FULL_D_FEBMAR_0002,4P_bY_Z2_S2_FEBMAR__R0b__4P_bY_Z2_S2_FULL_D_FEBMAR_0002,2023-01-20,2023-03-17,daily,16.815656078842355,15.478579972199542,1.3370761066428134,0.07951376386230552,7.951376386230552
EPlus,EPlus_4P_FEBMAR_yearly,EPlus,EnergyPlus,yearly,bY,LoD-3: $ihg^{3}_{1}$,LoD-3: $ihg^{3}_{1}$,O&M-3,sample_004,posterior__4P_bY_Z2_S2_FEBMAR__4P_bY_Z2_S2_FULL_D_FEBMAR_0003,4P_bY_Z2_S2_FEBMAR__R0b__4P_bY_Z2_S2_FULL_D_FEBMAR_0003,2023-01-20,2023-03-17,daily,18.466214614347162,17.117132408662496,1.3490822056846667,0.07305678147141803,7.305678147141803
EPlus,EPlus_4P_FEBMAR_yearly,EPlus,EnergyPlus,yearly,bY,LoD-3: $ihg^{3}_{1}$,LoD-3: $ihg^{3}_{1}$,O&M-3,sample_005,posterior__4P_bY_Z2_S2_FEBMAR__4P_bY_Z2_S2_FULL_D_FEBMAR_0004,4P_bY_Z2_S2_FEBMAR__R0b__4P_bY_Z2_S2_FULL_D_FEBMAR_0004,2023-01-20,2023-03-17,daily,17.940870057440307,16.6043004715868,1.336569585853507,0.07449859352273802,7.449859352273802
EPlus,EPlus_4P_FEBMAR_yearly,EPlus,EnergyPlus,yearly,bY,LoD-3: $ihg^{3}_{1}$,LoD-3: $ihg^{3}_{1}$,O&M-3,sample_006,posterior__4P_bY_Z2_S2_FEBMAR__4P_bY_Z2_S2_FULL_D_FEBMAR_0005,4P_bY_Z2_S2_FEBMAR__R0b__4P_bY_Z2_S2_FULL_D_FEBMAR_0005,2023-01-20,2023-03-17,daily,20.82311845700944,19.47801889678546,1.3450995602239786,0.0645964514393469,6.459645143934691
EPlus,EPlus_4P_FEBMAR_yearly,EPlus,EnergyPlus,yearly,bY,LoD-3: $ihg^{3}_{1}$,LoD-3: $ihg^{3}_{1}$,O&M-3,sample_007,posterior__4P_bY_Z2_S2_FEBMAR__4P_bY_Z2_S2_FULL_D_FEBMAR_0006,4P_bY_Z2_S2_FEBMAR__R0b__4P_bY_Z2_S2_FULL_D_FEBMAR_0006,2023-01-20,2023-03-17,daily,19.631746776191342,18.263024928129088,1.368721848062254,0.0697198198237861,6.97198198237861
EPlus,EPlus_4P_FEBMAR_yearly,EPlus,EnergyPlus,yearly,bY,LoD-3: $ihg^{3}_{1}$,LoD-3: $ihg^{3}_{1}$,O&M-3,sample_008,posterior__4P_bY_Z2_S2_FEBMAR__4P_bY_Z2_S2_FULL_D_FEBMAR_0007,4P_bY_Z2_S2_FEBMAR__R0b__4P_bY_Z2_S2_FULL_D_FEBMAR_0007,2023-01-20,2023-03-17,daily,17.889765186320965,16.511892545201356,1.377872641119609,0.07702016358343096,7.702016358343096
EPlus,EPlus_4P_FEBMAR_yearly,EPlus,EnergyPlus,yearly,bY,LoD-3: $ihg^{3}_{1}$,LoD-3: $ihg^{3}_{1}$,O&M-3,sample_009,posterior__4P_bY_Z2_S2_FEBMAR__4P_bY_Z2_S2_FULL_D_FEBMAR_0008,4P_bY_Z2_S2_FEBMAR__R0b__4P_bY_Z2_S2_FULL_D_FEBMAR_0008,2023-01-20,2023-03-17,daily,17.55458493974767,16.147045290414717,1.4075396493329535,0.08018074219151464,8.018074219151464
EPlus,EPlus_4P_FEBMAR_yearly,EPlus,EnergyPlus,yearly,bY,LoD-3: $ihg^{3}_{1}$,LoD-3: $ihg^{3}_{1}$,O&M-3,sample_010,posterior__4P_bY_Z2_S2_FEBMAR__4P_bY_Z2_S2_FULL_D_FEBMAR_0009,4P_bY_Z2_S2_FEBMAR__R0b__4P_bY_Z2_S2_FULL_D_FEBMAR_0009,2023-01-20,2023-03-17,daily,21.757302923063424,20.39436828839447,1.362934634668953,0.06264262806325133,6.264262806325132
EPlus,EPlus_4P_FEBMAR_yearly,EPlus,EnergyPlus,yearly,bY,LoD-3: $ihg^{3}_{1}$,LoD-3: $ihg^{3}_{1}$,O&M-4,sample_001,posterior__4P_bY_Z2_S2_FEBMAR__4P_bY_Z2_S2_FULL_D_FEBMAR_0000,4P_bY_Z2_S2_FEBMAR__R2b__4P_bY_Z2_S2_FULL_D_FEBMAR_0000,2023-01-20,2023-03-17,daily,20.539090820992453,18.939238759397735,1.5998520615947172,0.07789303214724341,7.789303214724342
EPlus,EPlus_4P_FEBMAR_yearly,EPlus,EnergyPlus,yearly,bY,LoD-3: $ihg^{3}_{1}$,LoD-3: $ihg^{3}_{1}$,O&M-4,sample_002,posterior__4P_bY_Z2_S2_FEBMAR__4P_bY_Z2_S2_FULL_D_FEBMAR_0001,4P_bY_Z2_S2_FEBMAR__R2b__4P_bY_Z2_S2_FULL_D_FEBMAR_0001,2023-01-20,2023-03-17,daily,17.47106810825433,16.013734215019483,1.4573338932348463,0.08341412695577087,8.341412695577088
EPlus,EPlus_4P_FEBMAR_yearly,EPlus,EnergyPlus,yearly,bY,LoD-3: $ihg^{3}_{1}$,LoD-3: $ihg^{3}_{1}$,O&M-4,sample_003,posterior__4P_bY_Z2_S2_FEBMAR__4P_bY_Z2_S2_FULL_D_FEBMAR_0002,4P_bY_Z2_S2_FEBMAR__R2b__4P_bY_Z2_S2_FULL_D_FEBMAR_0002,2023-01-20,2023-03-17,daily,16.815656078842355,15.306127466127844,1.5095286127145116,0.08976923681341326,8.976923681341326
EPlus,EPlus_4P_FEBMAR_yearly,EPlus,EnergyPlus,yearly,bY,LoD-3: $ihg^{3}_{1}$,LoD-3: $ihg^{3}_{1}$,O&M-4,sample_004,posterior__4P_bY_Z2_S2_FEBMAR__4P_bY_Z2_S2_FULL_D_FEBMAR_0003,4P_bY_Z2_S2_FEBMAR__R2b__4P_bY_Z2_S2_FULL_D_FEBMAR_0003,2023-01-20,2023-03-17,daily,18.466214614347162,17.00974502820726,1.456469586139903,0.078872124935032,7.8872124935032
EPlus,EPlus_4P_FEBMAR_yearly,EPlus,EnergyPlus,yearly,bY,LoD-3: $ihg^{3}_{1}$,LoD-3: $ihg^{3}_{1}$,O&M-4,sample_005,posterior__4P_bY_Z2_S2_FEBMAR__4P_bY_Z2_S2_FULL_D_FEBMAR_0004,4P_bY_Z2_S2_FEBMAR__R2b__4P_bY_Z2_S2_FULL_D_FEBMAR_0004,2023-01-20,2023-03-17,daily,17.940870057440307,16.47560325511281,1.4652668023274984,0.08167200351132545,8.167200351132545
EPlus,EPlus_4P_FEBMAR_yearly,EPlus,EnergyPlus,yearly,bY,LoD-3: $ihg^{3}_{1}$,LoD-3: $ihg^{3}_{1}$,O&M-4,sample_006,posterior__4P_bY_Z2_S2_FEBMAR__4P_bY_Z2_S2_FULL_D_FEBMAR_0005,4P_bY_Z2_S2_FEBMAR__R2b__4P_bY_Z2_S2_FULL_D_FEBMAR_0005,2023-01-20,2023-03-17,daily,20.82311845700944,19.37550743118123,1.447611025828209,0.06951941558690586,6.951941558690586
EPlus,EPlus_4P_FEBMAR_yearly,EPlus,EnergyPlus,yearly,bY,LoD-3: $ihg^{3}_{1}$,LoD-3: $ihg^{3}_{1}$,O&M-4,sample_007,posterior__4P_bY_Z2_S2_FEBMAR__4P_bY_Z2_S2_FULL_D_FEBMAR_0006,4P_bY_Z2_S2_FEBMAR__R2b__4P_bY_Z2_S2_FULL_D_FEBMAR_0006,2023-01-20,2023-03-17,daily,19.631746776191342,18.145867420274953,1.4858793559163885,0.07568757751696391,7.568757751696391
EPlus,EPlus_4P_FEBMAR_yearly,EPlus,EnergyPlus,yearly,bY,LoD-3: $ihg^{3}_{1}$,LoD-3: $ihg^{3}_{1}$,O&M-4,sample_008,posterior__4P_bY_Z2_S2_FEBMAR__4P_bY_Z2_S2_FULL_D_FEBMAR_0007,4P_bY_Z2_S2_FEBMAR__R2b__4P_bY_Z2_S2_FULL_D_FEBMAR_0007,2023-01-20,2023-03-17,daily,17.889765186320965,16.37348112494842,1.516284061372545,0.08475706894867127,8.475706894867127
EPlus,EPlus_4P_FEBMAR_yearly,EPlus,EnergyPlus,yearly,bY,LoD-3: $ihg^{3}_{1}$,LoD-3: $ihg^{3}_{1}$,O&M-4,sample_009,posterior__4P_bY_Z2_S2_FEBMAR__4P_bY_Z2_S2_FULL_D_FEBMAR_0008,4P_bY_Z2_S2_FEBMAR__R2b__4P_bY_Z2_S2_FULL_D_FEBMAR_0008,2023-01-20,2023-03-17,daily,17.55458493974767,15.988654201350704,1.5659307383969665,0.08920351827010928,8.920351827010927
EPlus,EPlus_4P_FEBMAR_yearly,EPlus,EnergyPlus,yearly,bY,LoD-3: $ihg^{3}_{1}$,LoD-3: $ihg^{3}_{1}$,O&M-4,sample_010,posterior__4P_bY_Z2_S2_FEBMAR__4P_bY_Z2_S2_FULL_D_FEBMAR_0009,4P_bY_Z2_S2_FEBMAR__R2b__4P_bY_Z2_S2_FULL_D_FEBMAR_0009,2023-01-20,2023-03-17,daily,21.757302923063424,20.28422590202345,1.4730770210399733,0.06770494607024409,6.770494607024409
EPlus,EPlus_4P_FEBMAR_yearly,EPlus,EnergyPlus,yearly,bY,LoD-3: $ihg^{3}_{1}$,LoD-3: $ihg^{3}_{1}$,O&M-5,sample_001,posterior__4P_bY_Z2_S2_FEBMAR__4P_bY_Z2_S2_FULL_D_FEBMAR_0000,4P_bY_Z2_S2_FEBMAR__R2y__4P_bY_Z2_S2_FULL_D_FEBMAR_0000,2023-01-20,2023-03-17,daily,20.539090820992453,17.033122465024114,3.5059683559683386,0.17069734909516943,17.069734909516942
EPlus,EPlus_4P_FEBMAR_yearly,EPlus,EnergyPlus,yearly,bY,LoD-3: $ihg^{3}_{1}$,LoD-3: $ihg^{3}_{1}$,O&M-5,sample_002,posterior__4P_bY_Z2_S2_FEBMAR__4P_bY_Z2_S2_FULL_D_FEBMAR_0001,4P_bY_Z2_S2_FEBMAR__R2y__4P_bY_Z2_S2_FULL_D_FEBMAR_0001,2023-01-20,2023-03-17,daily,17.47106810825433,14.00943828852972,3.4616298197246085,0.1981349851237279,19.81349851237279
EPlus,EPlus_4P_FEBMAR_yearly,EPlus,EnergyPlus,yearly,bY,LoD-3: $ihg^{3}_{1}$,LoD-3: $ihg^{3}_{1}$,O&M-5,sample_003,posterior__4P_bY_Z2_S2_FEBMAR__4P_bY_Z2_S2_FULL_D_FEBMAR_0002,4P_bY_Z2_S2_FEBMAR__R2y__4P_bY_Z2_S2_FULL_D_FEBMAR_0002,2023-01-20,2023-03-17,daily,16.815656078842355,13.850886641728021,2.9647694371143345,0.17631006623908302,17.631006623908302
EPlus,EPlus_4P_FEBMAR_yearly,EPlus,EnergyPlus,yearly,bY,LoD-3: $ihg^{3}_{1}$,LoD-3: $ihg^{3}_{1}$,O&M-5,sample_004,posterior__4P_bY_Z2_S2_FEBMAR__4P_bY_Z2_S2_FULL_D_FEBMAR_0003,4P_bY_Z2_S2_FEBMAR__R2y__4P_bY_Z2_S2_FULL_D_FEBMAR_0003,2023-01-20,2023-03-17,daily,18.466214614347162,14.832038166300485,3.634176448046677,0.19680137613169166,19.680137613169165
EPlus,EPlus_4P_FEBMAR_yearly,EPlus,EnergyPlus,yearly,bY,LoD-3: $ihg^{3}_{1}$,LoD-3: $ihg^{3}_{1}$,O&M-5,sample_005,posterior__4P_bY_Z2_S2_FEBMAR__4P_bY_Z2_S2_FULL_D_FEBMAR_0004,4P_bY_Z2_S2_FEBMAR__R2y__4P_bY_Z2_S2_FULL_D_FEBMAR_0004,2023-01-20,2023-03-17,daily,17.940870057440307,14.734427833903355,3.2064422235369516,0.17872278285674328,17.87227828567433
EPlus,EPlus_4P_FEBMAR_yearly,EPlus,EnergyPlus,yearly,bY,LoD-3: $ihg^{3}_{1}$,LoD-3: $ihg^{3}_{1}$,O&M-5,sample_006,posterior__4P_bY_Z2_S2_FEBMAR__4P_bY_Z2_S2_FULL_D_FEBMAR_0005,4P_bY_Z2_S2_FEBMAR__R2y__4P_bY_Z2_S2_FULL_D_FEBMAR_0005,2023-01-20,2023-03-17,daily,20.82311845700944,16.241776773223055,4.581341683786384,0.22001227593479022,22.001227593479022
EPlus,EPlus_4P_FEBMAR_yearly,EPlus,EnergyPlus,yearly,bY,LoD-3: $ihg^{3}_{1}$,LoD-3: $ihg^{3}_{1}$,O&M-5,sample_007,posterior__4P_bY_Z2_S2_FEBMAR__4P_bY_Z2_S2_FULL_D_FEBMAR_0006,4P_bY_Z2_S2_FEBMAR__R2y__4P_bY_Z2_S2_FULL_D_FEBMAR_0006,2023-01-20,2023-03-17,daily,19.631746776191342,16.260034349671464,3.3717124265198777,0.17174795829217632,17.174795829217633
EPlus,EPlus_4P_FEBMAR_yearly,EPlus,EnergyPlus,yearly,bY,LoD-3: $ihg^{3}_{1}$,LoD-3: $ihg^{3}_{1}$,O&M-5,sample_008,posterior__4P_bY_Z2_S2_FEBMAR__4P_bY_Z2_S2_FULL_D_FEBMAR_0007,4P_bY_Z2_S2_FEBMAR__R2y__4P_bY_Z2_S2_FULL_D_FEBMAR_0007,2023-01-20,2023-03-17,daily,17.889765186320965,14.395639996662577,3.494125189658387,0.19531420078839812,19.531420078839812
EPlus,EPlus_4P_FEBMAR_yearly,EPlus,EnergyPlus,yearly,bY,LoD-3: $ihg^{3}_{1}$,LoD-3: $ihg^{3}_{1}$,O&M-5,sample_009,posterior__4P_bY_Z2_S2_FEBMAR__4P_bY_Z2_S2_FULL_D_FEBMAR_0008,4P_bY_Z2_S2_FEBMAR__R2y__4P_bY_Z2_S2_FULL_D_FEBMAR_0008,2023-01-20,2023-03-17,daily,17.55458493974767,15.210511010015908,2.3440739297317617,0.13353058120014175,13.353058120014175
EPlus,EPlus_4P_FEBMAR_yearly,EPlus,EnergyPlus,yearly,bY,LoD-3: $ihg^{3}_{1}$,LoD-3: $ihg^{3}_{1}$,O&M-5,sample_010,posterior__4P_bY_Z2_S2_FEBMAR__4P_bY_Z2_S2_FULL_D_FEBMAR_0009,4P_bY_Z2_S2_FEBMAR__R2y__4P_bY_Z2_S2_FULL_D_FEBMAR_0009,2023-01-20,2023-03-17,daily,21.757302923063424,17.036812135194786,4.720490787868638,0.21696121088909276,21.696121088909276
